R1,R2,R3,R4,barrier
H,H,Br,H,12.230660973
H,Me,Br,H,13.972609301
H,Me,Cl,H,14.903823753
Me,H,Br,H,14.960299023
H,H,Ph,H,15.427788758000002
H,H,Cl,H,15.918496104000004
Ph,H,Br,H,16.518388972
Br,H,Br,H,17.048001504000002
H,Br,Br,H,17.072474121
H,H,Br,Me,17.091299211000003
H,Cl,Br,H,17.096319235
H,H,Br,Ph,17.169109583
Me,H,Cl,H,17.321592812000002
H,Ph,Br,H,17.616519222
H,H,Cl,Ph,17.684289546
Me,H,Br,Ph,17.75205987
H,Br,Cl,H,17.814182667
Cl,H,Br,H,17.847440326
H,Cl,Cl,H,17.849322835000002
H,H,Cl,Me,17.854342859
Ph,H,Cl,H,17.918348165
Me,Me,Br,H,17.988628501
H,H,H,H,18.004316076000002
Ph,H,Br,Ph,18.062046352000003
H,Ph,Cl,H,18.327480121
Br,Cl,Br,H,18.460510757
Cl,Cl,Br,H,18.497533434
Cl,H,Cl,H,18.521378548
H,H,Br,OMe,18.581618836
Me,H,Ph,H,18.592286387
Cl,Br,Br,H,18.651899172
Cl,H,Ph,H,18.658174202
H,Cl,Br,Me,18.725944526000003
Me,Me,Cl,H,18.832620036
H,H,H,Ph,18.833247539
Br,Me,Br,H,18.836385054
Br,H,Cl,H,18.857092653
H,H,Ph,Ph,18.923607971000003
H,Me,Ph,H,18.937413037
Cl,Me,Br,H,18.968160684
Cl,Cl,Cl,H,18.995770816
Cl,H,Br,Ph,19.034676002
Me,Cl,Br,H,19.04471605
Br,Br,Br,H,19.112486374
Br,Cl,Cl,H,19.175236674
Me,H,Cl,Ph,19.250537034
H,H,Cl,OMe,19.428120383
Cl,Br,Cl,H,19.445062964
H,Me,Br,Me,19.45886803
Br,Br,Cl,H,19.516598306
Ph,Me,Br,H,19.727439314
Cl,H,Br,Me,19.745636901
H,Cl,Br,OMe,19.7663445
Br,H,Br,Me,19.782659578
Ph,H,Br,Me,19.824074776000003
Me,H,Br,Me,19.845409878
Br,H,Ph,H,19.857332435
Me,Br,Cl,H,19.878667537
H,Br,Br,Me,19.940790334000003
Br,Me,Cl,H,19.942672843
H,H,Ph,Me,20.021110718
H,H,Br,NHPh,20.10519612
H,Br,Br,OMe,20.144728809
Me,H,Cl,Me,20.152886348
Ph,H,Cl,Ph,20.16167139
H,Me,Br,Ph,20.220656672000004
Cl,Me,Cl,H,20.239481762
Cl,H,Cl,Me,20.298467044
H,Me,H,Ph,20.316664631
Cl,H,H,Ph,20.321057152
H,Me,Cl,Me,20.351177296000003
Me,H,H,Ph,20.351804799
Cl,Br,H,Ph,20.370002386
Cl,Cl,H,Ph,20.385689961000004
Ph,H,Ph,Ph,20.423967644
Me,H,H,H,20.423967644
Me,Br,Br,H,20.472285375
Me,Me,Ph,H,20.510563058
H,Cl,Ph,H,20.536290681
Br,H,Br,Ph,20.571430849
Ph,H,Ph,H,20.620376083000004
Br,H,H,Ph,20.621003586000004
H,Me,Cl,Ph,20.638573670000003
H,H,Br,NH2,20.679988868
H,Br,Cl,Me,20.693166431
H,Br,Ph,H,20.719521557
Br,Cl,H,Ph,20.72014906
Ph,H,Cl,Me,20.741484162000003
Br,H,Cl,Me,20.750896707000003
Cl,H,Cl,Ph,20.778506839
H,Cl,Cl,Me,20.824314558
H,Cl,H,H,20.841884642
Me,Br,H,Me,20.863847247
Me,H,Ph,Ph,20.916557499000003
Br,Br,H,Ph,20.922205026
Cl,H,H,H,20.922205026
Me,Cl,Cl,H,20.929107559
H,H,Cl,NHPh,20.981817811000003
Br,H,H,H,20.993740368
Ph,H,H,Ph,20.998760392
Cl,H,Br,NHPh,21.006290428
Br,H,Cl,Ph,21.020722997000004
H,Br,Cl,OMe,21.034528063000003
H,Br,H,H,21.083473297
H,Me,Br,OMe,21.089748327
H,Cl,H,Ph,21.112338435
H,Cl,Cl,OMe,21.114220944
H,Cl,Cl,NH2,21.147478603000003
Cl,H,Br,OMe,21.149988615
H,Br,H,Ph,21.175088735
Cl,Cl,H,H,21.331964485
Br,H,Br,OMe,21.361457126000005
Me,Me,H,Ph,21.378399707000003
H,Cl,Br,Ph,21.416049887
Me,H,Br,OMe,21.427344941
H,Cl,Cl,Ph,21.431737462
H,Me,H,H,21.435502480000004
H,H,Me,H,21.461857606
Cl,Me,Br,Me,21.491350247000003
H,H,H,OMe,21.491977750000004
Ph,Me,Cl,H,21.648853500000005
Br,Cl,H,H,21.682111159
Cl,H,Ph,Ph,21.695288722
H,H,Ph,OMe,21.715996321
Cl,H,Br,NH2,21.720388842
H,Br,Br,Ph,21.734193908
Ph,H,Br,OMe,21.737331423
Cl,Br,H,H,21.742351447
H,Me,Cl,OMe,21.754274004
H,H,Cl,NH2,21.798199214
Cl,H,Cl,OMe,21.8371044
H,Me,H,Me,21.8371044
H,Br,Cl,Ph,21.84965446
Br,H,Ph,Ph,21.874127077
H,H,H,Me,21.894207173
Br,H,Cl,OMe,21.963860006
Br,Br,H,H,22.014060246000003
H,Ph,H,H,22.016570258
Ph,H,Ph,Me,22.0253553
Cl,H,Ph,Me,22.09438063
H,Cl,Cl,NHPh,22.10065566
Ph,Br,Br,H,22.11948075
H,Ph,Ph,H,22.137678337
H,Ph,H,Me,22.156503427
Me,Cl,H,Ph,22.167170978000005
Br,Me,H,H,22.200428637
Br,Me,Br,Me,22.201683643000003
H,Br,Cl,NH2,22.315261686000003
Br,H,Me,H,22.328439249
Cl,Br,Ph,H,22.332204267
Br,H,Ph,Me,22.3391068
H,H,Me,Ph,22.340361806000004
Me,H,Cl,OMe,22.419427184000003
Me,Br,H,Ph,22.430094735
H,Cl,Br,NH2,22.453312346
Cl,Ph,Br,H,22.460842382000003
H,H,Br,NHMe,22.468372418
H,Br,Cl,NHPh,22.469627424
Cl,Cl,Ph,H,22.504767592
Cl,H,Me,H,22.526730197000003
Br,H,Br,NHPh,22.540535263
Cl,H,Cl,NH2,22.553085323
H,Cl,Br,NHPh,22.555595335
H,Br,Cl,NHMe,22.590735503
H,Ph,H,Ph,22.610188096
H,Me,Br,NHPh,22.624620665
Cl,Me,Br,OMe,22.63403321
Br,Me,Br,OMe,22.681723438
Me,H,Br,NHPh,22.705568552000003
Ph,Cl,H,Ph,22.708706067
Cl,H,H,OMe,22.720628624
Br,Ph,Br,H,22.72815866
Me,H,Ph,Me,22.772083870000003
H,Ph,Br,Me,22.806596535000004
Cl,Ph,Cl,H,22.821029104
Br,H,Br,NHMe,22.851149248
Br,Me,Ph,H,22.868091829000004
Me,H,Me,Ph,22.883779404
Ph,H,H,H,22.887544422
H,Ph,Cl,Me,22.907624518
Ph,Br,H,Ph,22.911389536000005
Me,H,Me,H,22.934607147
Cl,Me,H,Ph,22.954687243
Br,Me,H,Ph,22.967864806
H,Me,Ph,Ph,22.987317399
Me,Cl,Br,OMe,23.014927531
H,Br,Br,NH2,23.022457567
Cl,Cl,H,OMe,23.033125118000005
Br,H,Br,NH2,23.043165166
Me,Br,H,H,23.043165166
Ph,H,Cl,OMe,23.055715226
Br,Br,Ph,H,23.056342729
H,Br,H,Me,23.06701028
Me,Me,H,Me,23.077677831
Cl,Me,Ph,H,23.080187843
Ph,Cl,Br,H,23.087717879
Me,Cl,Cl,OMe,23.144193149
H,Me,Ph,Me,23.198785910000005
Me,Br,Ph,H,23.240201108
Me,Br,Br,OMe,23.257771192
Br,Cl,Cl,OMe,23.259653701000005
Ph,Me,H,Ph,23.313618959
Cl,Cl,Br,OMe,23.337464073000003
Me,Ph,Br,H,23.338091576000004
H,Me,Me,H,23.358799175
Cl,Cl,Cl,OMe,23.360681684
Cl,Me,Cl,Me,23.36193669
Me,H,Br,NH2,23.370094229
Br,H,H,OMe,23.376996762000005
Cl,Br,H,OMe,23.425941996
Me,Ph,Br,Me,23.434099535000005
Cl,H,Me,Ph,23.435354541
H,Me,Cl,NHPh,23.442884577000004
Cl,H,Cl,NHPh,23.449787110000003
Br,Br,H,OMe,23.460454661
Me,Br,Cl,OMe,23.476769739
Ph,H,Br,NHPh,23.508772392
Me,Me,Cl,OMe,23.510654901
Br,H,Cl,NHPh,23.512537410000004
H,Ph,Br,OMe,23.525714973
Cl,H,H,Me,23.588465273
Br,Ph,Cl,H,23.599760327
Cl,H,Cl,NHMe,23.599760327
Br,H,Ph,OMe,23.605407854
H,Cl,H,OMe,23.607290363000004
Ph,H,Me,Ph,23.634900495
Br,Cl,H,OMe,23.639293016
Me,Cl,Cl,Me,23.653725585
Cl,Br,Br,OMe,23.660000615000005
H,Cl,Cl,NHMe,23.663138130000004
H,Br,H,OMe,23.670668166
Cl,Me,Cl,Ph,23.686983244
Br,H,H,Me,23.691375765
H,Me,Br,NH2,23.693258274
Me,H,Cl,NHPh,23.70078831
Cl,Me,H,H,23.704553328
Br,Cl,Br,OMe,23.724633424000004
H,Cl,Me,H,23.738438490000004
H,H,Cl,NHMe,23.747851035
Br,Me,Cl,Me,23.787383724
H,Me,H,OMe,23.80118879
Ph,Cl,Cl,H,23.803071299000003
Br,H,Cl,NH2,23.813111347
Br,Ph,H,Ph,23.818758874
Me,H,H,OMe,23.826916413
Cl,Br,Cl,OMe,23.833191443
Me,Ph,Cl,H,23.870841623
Br,Br,H,NH2,23.872724132
Br,Me,Me,H,23.877744156
H,Br,Me,H,23.927944396
Cl,Ph,H,Ph,23.930454408000003
Br,H,Me,Ph,23.969987097
H,Cl,H,Me,23.992577205
Me,Me,H,H,23.997597229
Me,Cl,H,H,24.038384924
Cl,Me,H,Me,24.066622559
Me,Me,Br,OMe,24.074152595000005
Ph,H,Me,H,24.113057781
Cl,Br,H,NH2,24.124352835000003
Cl,H,Br,NHMe,24.125607841000004
H,Cl,Br,NHMe,24.164513027
Br,Cl,Me,H,24.212203255
H,Ph,Cl,OMe,24.212830758000003
Cl,H,Ph,OMe,24.214713267
Cl,Me,Me,H,24.230400842
H,H,Ph,NHPh,24.244205908
Ph,Me,Ph,H,24.246088417000003
H,Me,Ph,OMe,24.25926598
Cl,Br,Me,H,24.270561034
H,Cl,Ph,OMe,24.27809107
H,H,Ph,NH2,24.313858741
H,Me,Cl,NH2,24.351508921000004
H,Br,Ph,NHPh,24.355901442000004
Br,Me,H,Me,24.359038957000003
H,Br,Br,NHMe,24.381001562
H,H,Me,Me,24.399826652
Me,Br,Ph,Ph,24.4098667
Br,Br,Br,OMe,24.431201802000004
Me,Br,Br,NHPh,24.435594323000004
Me,Cl,Ph,Ph,24.458184431
Ph,Br,Cl,H,24.458184431
Ph,Me,H,Me,24.46006694
Cl,Me,Cl,NHPh,24.494579605
Me,H,Cl,NH2,24.502737144
H,Br,Br,NHPh,24.507757168
Br,Me,Cl,Ph,24.508384671
Br,Br,Cl,OMe,24.517797216
Br,Me,Cl,OMe,24.530347276000004
H,Me,Br,NHMe,24.547289857000003
Cl,Br,Br,NH2,24.548544863000004
Cl,Me,Cl,OMe,24.568624959
Me,H,Br,NHMe,24.574272486
Cl,Br,Ph,Ph,24.618825199
Me,Cl,Br,Me,24.626355235
H,Br,Ph,OMe,24.645180325
Me,H,H,Me,24.652710361000004
Me,Me,Cl,NHPh,24.677182978
Br,Br,Me,H,24.68596802
Cl,Br,H,Me,24.687223026
Br,Cl,Cl,NHPh,24.702910601000003
H,Ph,Ph,Ph,24.702910601000003
Br,H,Ph,NHPh,24.719853182
Ph,H,Cl,NHPh,24.733030745
H,Br,Ph,NH2,24.768170913
Me,Cl,Ph,H,24.781348476
H,Ph,Cl,Ph,24.781348476
H,H,Br,NMe2,24.793271033
H,H,H,NMe2,24.807076099
Br,Me,Cl,NHPh,24.816488644000003
H,Ph,Br,Ph,24.868571393
H,Ph,H,OMe,24.876728932
Me,H,Ph,OMe,24.879238944000004
Ph,Me,H,H,24.902456555
Ph,H,Br,NH2,24.916889124
Br,Cl,H,Me,24.937596723
Br,Br,H,Me,24.968971873
Me,Me,Br,Ph,24.969599376
Cl,Me,Br,NH2,24.982776939
Br,Cl,Ph,H,25.002857035
H,Ph,Ph,Me,25.020427119
Br,Cl,Cl,NH2,25.061842317000004
Ph,Cl,H,H,25.078157395
Br,Me,Cl,NH2,25.084432425
Cl,Cl,Cl,Me,25.120827599
Cl,Me,Br,NHPh,25.158477779
Me,Br,Cl,Me,25.168517827
Cl,Cl,H,Me,25.171655342
Br,H,Cl,NHMe,25.233150636
Cl,Me,Ph,Me,25.240053169000003
H,H,Cl,NMe2,25.240053169000003
Me,Br,Br,Me,25.255113241
Me,Cl,H,Me,25.258250756
Cl,Me,Cl,NH2,25.260760768
Me,Me,Br,Me,25.291508415000003
Br,Cl,Cl,Me,25.326648583
H,Ph,Br,NH2,25.365553769
Ph,H,Ph,OMe,25.36994629
Br,Me,Br,NH2,25.37622132
Me,Me,Cl,Ph,25.394418907
Me,Me,Br,NH2,25.421401536
Cl,Cl,Ph,OMe,25.423284045000003
Br,Br,Cl,NH2,25.439599123
Ph,Br,H,OMe,25.464699243
H,Cl,H,NMe2,25.469091764
Ph,Br,H,H,25.484779339000003
Me,Me,Me,H,25.528077046000003
Cl,Cl,Cl,NH2,25.531214561
Cl,Br,Ph,OMe,25.534979579
Ph,H,H,Me,25.544392124
Me,Cl,Cl,Ph,25.550039651
Me,Br,H,OMe,25.551294657
Cl,H,Ph,NHPh,25.552549663
Cl,Br,Ph,NHPh,25.559452196
Ph,H,H,OMe,25.563844717
Cl,Cl,Br,Me,25.578277286
Me,Br,Br,NH2,25.596474873
H,H,Me,OMe,25.603377406
H,Br,Me,OMe,25.617182472
Me,Cl,Cl,NH2,25.619692484000005
Cl,H,H,NH2,25.635380059000003
H,Ph,Me,H,25.64604761
H,Cl,Ph,NHMe,25.650440131
Me,Me,Cl,NH2,25.654205149000003
Ph,Br,Cl,Me,25.682442784000003
Me,Cl,Br,Ph,25.684952796000005
Cl,Br,H,NMe2,25.688090311000003
Br,Me,Br,NHPh,25.690600323
H,Me,Cl,NHMe,25.704405389
Me,Br,Cl,NH2,25.705032892
Br,Me,Ph,Me,25.710052916
Me,Cl,Me,H,25.750213108000004
H,Ph,Cl,NH2,25.769665701
Me,Cl,H,OMe,25.770293204
Br,Me,H,OMe,25.7903733
Me,Ph,Cl,Ph,25.793510815000005
Me,Cl,Br,NHMe,25.818610935
Cl,H,H,NMe2,25.824885965
Cl,Cl,Me,H,25.832416001
Cl,Me,H,OMe,25.866301163000003
H,Me,Ph,NHPh,25.885126253000003
Me,Ph,Cl,Me,25.888891271
Me,Me,Cl,Me,25.895793804
Cl,Br,Cl,NH2,25.906461355000005
Br,H,H,NMe2,25.909598870000004
Me,Ph,Ph,Ph,25.912108882
Cl,Br,Cl,NHMe,25.915873900000005
Cl,Cl,Cl,NHPh,25.932816481000003
Me,Ph,Br,Ph,25.951641571
Me,Br,Ph,OMe,25.959171607000005
H,Br,Me,Me,25.968584152
Me,Br,Me,H,25.974231679000003
H,H,Ph,NHMe,25.989291751000003
Cl,Me,Br,Ph,25.990546757
Br,Me,Cl,NHMe,26.007489338
Me,Ph,Br,OMe,26.008116841
Br,H,Me,OMe,26.008116841
H,H,H,NHPh,26.012509362
Me,Cl,Ph,NHPh,26.020666901
Cl,Ph,H,H,26.022549410000003
Cl,Br,Cl,Me,26.026314428000003
Ph,Cl,Cl,OMe,26.040119494
Cl,H,Ph,NH2,26.04764953
Cl,Ph,Ph,H,26.048904536
Me,Cl,Ph,OMe,26.055179566000003
Me,Br,Ph,NHPh,26.074632159
H,Me,Me,Me,26.076514668000005
Me,Br,Cl,NHMe,26.080279686000004
Me,Me,H,OMe,26.093457249000004
Br,Cl,H,NMe2,26.109144824
Me,H,Cl,NHMe,26.109144824
Cl,Br,Cl,NHPh,26.155580046
Me,H,Ph,NHPh,26.159345064000004
Ph,H,Ph,NHPh,26.174405136
Me,Me,Br,NHPh,26.233390418000003
Me,Ph,Cl,OMe,26.250332999000005
Br,Cl,Br,Me,26.250960502000005
Ph,H,Br,NHMe,26.284218161
H,Ph,Br,NHPh,26.293630706
H,Br,H,NHPh,26.298023227
Me,Br,Cl,Ph,26.301788245
Cl,H,Br,NMe2,26.308690778
Cl,H,Me,OMe,26.325633359
Br,Cl,Ph,OMe,26.327515868000003
Ph,Me,Ph,Me,26.328770874000003
H,Cl,Ph,Me,26.374578593000003
H,Ph,Cl,NHPh,26.381481126000004
Ph,Cl,Ph,Me,26.391521174
H,Cl,Me,Me,26.398423707000003
H,Cl,H,NHPh,26.399051210000003
Me,Ph,H,OMe,26.407208749
Br,Br,Ph,OMe,26.412856276
Ph,H,Cl,NH2,26.415366288
Br,Ph,Ph,H,26.427288845000003
H,Br,Ph,Me,26.428543851000004
Br,Ph,H,H,26.429798857
Ph,Cl,Br,OMe,26.434191378
Cl,H,Cl,NMe2,26.438583899
Cl,Cl,H,NHPh,26.440466408
Cl,Ph,Cl,Me,26.447368941
Br,Me,Ph,OMe,26.464939025
Cl,Cl,Br,Ph,26.480626600000004
H,Me,Me,Ph,26.481881606000005
Cl,Me,Ph,OMe,26.483136612
Br,Cl,Cl,NHMe,26.485646624000005
Br,Br,Ph,NH2,26.495686672
Cl,Ph,Br,Me,26.511374247000003
Br,H,Ph,NH2,26.512001750000003
Me,Ph,H,H,26.523924307
Cl,Cl,Cl,Ph,26.52455181
Cl,Me,Cl,NHMe,26.546514415000004
Br,Ph,Br,Me,26.623697284
Me,Ph,Ph,H,26.654444931000004
Me,H,H,NMe2,26.657582446000003
Cl,Br,Br,Me,26.67515253
Br,Me,Br,Ph,26.682682566
Me,Me,H,NH2,26.692095111
Me,Br,Br,Ph,26.692722614
Br,H,Br,NMe2,26.751707896000003
Me,Me,Ph,OMe,26.783710549
Me,Me,Cl,NHMe,26.810693178
H,Br,H,NH2,26.822615735
Br,Ph,Cl,Me,26.834538292000005
H,Me,H,NH2,26.8571284
H,Ph,Ph,OMe,26.8571284
Cl,H,Me,Me,26.880346011
Cl,Me,Br,NHMe,26.880346011
Br,Cl,Cl,Ph,26.887876047
Ph,Me,Br,OMe,26.942468808000005
H,H,H,NH2,26.949371341000003
Cl,Cl,H,NH2,26.951253850000004
H,Cl,H,NHMe,26.980746491
Me,Br,Br,NHMe,27.079891965
H,Cl,H,NH2,27.102482073
Br,Cl,H,NHPh,27.102482073
Br,Me,Br,NHMe,27.105619588
Me,H,Me,Me,27.121307163000004
H,Cl,Me,OMe,27.149544798
Cl,Br,H,NHPh,27.174644918
Br,H,Me,Me,27.186567475000004
H,Ph,Br,NHMe,27.190332493000003
Cl,Cl,Cl,NHMe,27.198490032
Ph,Ph,H,Ph,27.20225505
H,Me,Me,OMe,27.206020068
Ph,Cl,Ph,H,27.206647571
H,Me,Ph,NH2,27.214177607
Ph,Cl,Cl,Ph,27.218570128
Ph,Me,Cl,Me,27.255592805000003
Ph,H,Cl,NMe2,27.279437919
Ph,Br,Ph,Me,27.292615482
Cl,Ph,Br,OMe,27.293870488000003
Br,Ph,Br,OMe,27.339678207
Ph,H,H,NMe2,27.350345758000003
H,Ph,H,NH2,27.354110776
Ph,Br,Cl,OMe,27.361640812
Ph,H,Br,NMe2,27.37168086
Br,Br,Cl,Me,27.381720908
Br,H,Ph,NHMe,27.39615347700001
Br,Cl,Br,Ph,27.427528627
Ph,Me,Cl,OMe,27.430666142000003
H,Ph,Cl,NHMe,27.433176154
H,Br,Br,NMe2,27.444471208
Ph,Cl,H,Me,27.445098711
H,Cl,Me,Ph,27.492161436
Me,Me,Ph,NHPh,27.506594005
Cl,Br,Cl,Ph,27.508476514
H,Br,Ph,NHMe,27.509104017
Cl,Br,Br,Ph,27.513496538000005
Me,Ph,H,Ph,27.534831640000004
Ph,H,Cl,NHMe,27.544244185000004
Ph,Br,Br,OMe,27.555539239
Me,Br,Me,Ph,27.593816922
Me,Ph,H,Me,27.596326934000004
Cl,H,Ph,NHMe,27.600719455000004
Ph,Br,Ph,H,27.601974461
Me,H,Me,OMe,27.60385697
H,Cl,Ph,NMe2,27.610132
Me,Cl,Me,OMe,27.649664689
Me,H,Ph,NH2,27.68543236
Br,Br,Br,Me,27.704257450000004
Ph,Ph,Br,H,27.715552504
Cl,H,H,NHPh,27.748810163000005
Ph,Cl,Br,NHPh,27.750065169000003
Me,Br,Me,OMe,27.775165289
Me,Cl,Br,NH2,27.796500391
Me,Br,Ph,NH2,27.815325481
Ph,Me,H,OMe,27.834778074000003
Ph,Cl,Cl,NHPh,27.884978314
Ph,Br,H,Me,27.892508350000004
H,Br,Ph,NMe2,27.894390859
Cl,Br,Me,OMe,27.930786033000004
Ph,H,Me,Me,27.935178554000004
Ph,Cl,Br,NH2,27.940198578000004
Me,Cl,Ph,NHMe,27.950238626
Me,Ph,Br,NHPh,27.953376141000003
H,Br,Me,Ph,27.95525865
Ph,H,Ph,NH2,27.970318722
Cl,Me,Me,Me,27.986006297000003
Cl,Ph,Cl,OMe,28.000438866000003
Cl,Cl,Me,OMe,28.009851411000003
Ph,Cl,Cl,Me,28.012988926
Ph,H,Ph,NMe2,28.026793992
Br,Ph,Me,H,28.056286633000003
Me,Cl,Br,NHPh,28.060679154
Me,Ph,Me,Me,28.078249238
Ph,H,Ph,NHMe,28.085151771
Me,Cl,Ph,NH2,28.091426801000004
Ph,Cl,Cl,NH2,28.105859370000005
Ph,Br,Ph,OMe,28.113389406000003
H,Cl,Ph,Ph,28.127821975
H,Cl,Ph,NH2,28.150412083
Br,Ph,Cl,OMe,28.164217149
Br,Cl,H,NH2,28.16860967
Me,Ph,Br,NH2,28.188689766
Ph,Br,Br,Ph,28.211279874
Me,Me,Br,NHMe,28.215044892
Ph,Br,Ph,Ph,28.215672395
Cl,Ph,Me,H,28.258970102
Cl,Me,Ph,NHPh,28.302267809
Br,Br,Cl,Ph,28.307287833
Ph,Br,Cl,NHPh,28.316072875
Cl,Ph,Cl,NHPh,28.31921039000001
Cl,Cl,H,NHMe,28.334270462000003
Br,Me,Ph,NHPh,28.336152971000004
Br,Br,Cl,NHMe,28.352468049
Ph,Cl,Br,Me,28.365645612
Br,Br,Br,Ph,28.413963343
H,Br,H,NHMe,28.425258397
Br,H,H,NH2,28.429023415
Cl,Ph,H,NH2,28.434043439
Br,Br,H,NHPh,28.466046092000003
Cl,H,Ph,NMe2,28.472948625
Me,Me,Ph,Ph,28.481106164
Me,Cl,Cl,NHPh,28.482988673
Ph,Me,Cl,Ph,28.484871182
Me,Me,H,NHMe,28.495538733000004
Me,Ph,Cl,NH2,28.501186260000004
Me,Cl,H,NHPh,28.503068769
Ph,Br,Br,NHPh,28.512481314
Ph,Cl,H,OMe,28.528168889000003
H,Br,Ph,Ph,28.54511147
Me,Ph,Cl,NHPh,28.549503991000005
Ph,Cl,Ph,NHPh,28.572094099
Ph,Br,Cl,NH2,28.577114123
Me,Br,H,NHPh,28.582134147
Me,Cl,Ph,Me,28.626686860000003
H,Me,Ph,NHMe,28.630451878
Br,Ph,Br,Ph,28.693829681
Br,H,H,NHPh,28.702614723
Ph,H,Me,OMe,28.705752238
Me,Ph,H,NHPh,28.709517256
H,Me,H,NMe2,28.724577328
Br,Me,H,NH2,28.775405071
H,Me,H,NHPh,28.782935107000004
Me,H,Ph,NHMe,28.785445119
H,Ph,Ph,NHMe,28.796740173000003
Me,Br,Ph,Me,28.796740173000003
Cl,Cl,Br,NH2,28.800505191000003
Cl,Br,H,NHMe,28.804270209
H,H,H,NHMe,28.853842946000004
Cl,Cl,Ph,Me,28.870785527
H,Cl,Ph,NHPh,28.870785527
Br,Ph,H,Me,28.871413030000003
Ph,Ph,Cl,H,28.913455731000003
Ph,Br,Br,NH2,28.924123282000004
H,H,Me,NHPh,28.926005791
Cl,Ph,H,Me,28.930398312
Cl,Me,H,NH2,28.972441013
Ph,Cl,Ph,OMe,28.988756091000003
Ph,Me,Br,Me,29.002561157
Ph,Cl,Me,H,29.002561157
Ph,Me,Cl,NHPh,29.002561157
Me,Me,Me,OMe,29.006326175
Cl,Ph,Br,Ph,29.008208684
Me,Br,Cl,NHPh,29.022013750000003
Br,H,Cl,NMe2,29.054643906000003
H,Ph,Me,Ph,29.064683954
Cl,Ph,Cl,Ph,29.067821469000005
Br,Cl,Me,OMe,29.072213990000005
Ph,Br,H,NMe2,29.076606511000005
Br,Br,Me,OMe,29.084764050000004
Ph,Br,Ph,NHPh,29.112374182
Me,H,H,NHPh,29.134964290000003
Cl,Me,Me,OMe,29.139984314000003
H,Ph,Me,Me,29.150024362000003
Cl,Cl,Br,NHPh,29.156299392
Ph,Me,Br,Ph,29.156299392
Me,Br,H,NH2,29.161319416
Ph,Me,Me,H,29.169476955
Cl,Me,H,NMe2,29.169476955
Me,Me,Ph,NH2,29.191439560000003
Ph,Br,Me,H,29.196459584000003
Me,Cl,H,NH2,29.217167183
Ph,Me,Br,NHPh,29.220932201
Br,Br,H,NHMe,29.237247279000005
Ph,Cl,Br,NHMe,29.241012297000005
H,Ph,H,NMe2,29.246032321000005
Br,H,H,NHMe,29.259209884000004
Me,Me,H,NMe2,29.264229908
Me,H,Br,NMe2,29.284937507
Me,Ph,Me,Ph,29.286820016
H,Me,Br,NMe2,29.328862717000003
Ph,Cl,Ph,NH2,29.332627735000003
Br,Me,Me,Ph,29.343922789
Ph,Me,Br,NH2,29.352080328
Me,Cl,H,NHMe,29.353962837
Cl,Me,Ph,NH2,29.370905418000003
Cl,Cl,Br,NMe2,29.379062957
Cl,Ph,H,NMe2,29.396005538
Br,Me,H,NMe2,29.414830628000004
H,Me,Cl,NMe2,29.455618323
Me,H,H,NH2,29.481345946000005
Br,Me,Ph,NH2,29.481973449
Cl,Br,Ph,Me,29.489503485000004
Br,Ph,Cl,Ph,29.527781168
Ph,Br,Ph,NH2,29.532801192000004
Ph,Cl,Cl,NHMe,29.566686354
Ph,Ph,Br,Ph,29.58613894700001
Ph,Me,Cl,NH2,29.620651612000003
Me,Ph,Br,NHMe,29.628809151
Ph,Ph,H,H,29.628809151
Cl,Br,Br,NMe2,29.633829175
Br,Ph,Cl,NH2,29.654536774000004
Cl,Cl,Cl,NMe2,29.66206681
H,Br,Me,NHPh,29.665204325
Me,Br,Me,NHPh,29.689049439
Cl,Me,Ph,Ph,29.689676942
Cl,Ph,Cl,NH2,29.734229655
H,Ph,H,NHPh,29.765604805
H,H,Me,NH2,29.772507338000004
Cl,H,H,NHMe,29.778154865
Me,Ph,Me,H,29.794469943000003
Br,Cl,Br,NH2,29.795097446000003
Cl,Cl,Ph,Ph,29.796979955
Cl,Ph,H,OMe,29.798862464000003
Ph,Cl,H,NHPh,29.819570063000004
Cl,Ph,Br,NH2,29.834002632000004
Ph,Br,Cl,NHMe,29.840277662
H,Cl,Me,NHPh,29.867887794
Me,Br,Me,NH2,29.903027962000003
Me,Cl,Me,NHPh,29.90679298
Cl,Br,Cl,NMe2,29.909930495
Ph,Cl,Br,Ph,29.912440507000003
Ph,Br,Br,Me,29.948835681
Me,Cl,Br,NMe2,29.958875729000003
Me,Me,Me,Ph,29.968915777000003
Br,Cl,Br,NMe2,29.991505885
Ph,Me,H,NH2,30.002173436000003
Ph,Ph,Cl,Ph,30.036686101
Me,H,Cl,NMe2,30.041706125
Cl,Ph,Ph,Me,30.061786221
Me,Br,Br,NMe2,30.083121323
Br,Cl,H,NHMe,30.108848946
Me,Cl,Me,Me,30.120144000000003
Me,Ph,Cl,NHMe,30.120771503000004
Cl,Br,Br,NHPh,30.137714084
H,Ph,Br,NMe2,30.147754132000003
Ph,H,Me,NH2,30.150264144
Br,Ph,H,NMe2,30.163441707000004
Me,Cl,Cl,NHMe,30.165324216
Ph,Ph,Cl,Me,30.17034424
Br,Cl,Ph,Me,30.186659318000004
H,H,Ph,NMe2,30.210504432
Cl,H,Me,NHPh,30.256939654
Ph,Br,Br,NHMe,30.259449666
Ph,Br,H,NHPh,30.268234708
Br,Me,Ph,NHMe,30.299609858000004
Ph,Me,H,NMe2,30.306512391
Br,Ph,Cl,NHPh,30.311532415
Br,Cl,Br,NHPh,30.32721999
Me,Me,Ph,NHMe,30.33035750500001
Ph,Ph,H,OMe,30.361732655
H,Ph,Ph,NMe2,30.379302739
Cl,Ph,Br,NHPh,30.387460278
Br,Cl,Ph,Ph,30.414442907
Ph,Me,Ph,OMe,30.418207925
Me,Br,Me,Me,30.423855452
Br,Br,Br,NMe2,30.424482955
Br,Ph,Br,NH2,30.42762047
Me,Me,Ph,Me,30.432640494
Br,Ph,H,OMe,30.432640494
Me,H,Me,NHPh,30.445190554
Ph,H,H,NHPh,30.448955572
H,Ph,Me,OMe,30.457113111
H,Me,Ph,NMe2,30.493508285
Ph,Br,H,NH2,30.512333375000004
Cl,Ph,Ph,OMe,30.517353399000005
Me,Ph,Ph,Me,30.526765944
Me,Br,Cl,NMe2,30.544336028
H,Cl,Me,NH2,30.577593687000004
Br,Me,Ph,Ph,30.61775387900001
Cl,Me,Ph,NHMe,30.625911418000005
Me,Ph,Me,OMe,30.642853999000003
Cl,Cl,Br,NHMe,30.66607161
Ph,Ph,Ph,H,30.725684395
Br,Br,Br,NH2,30.751412018000003
Me,Cl,Me,Ph,30.763334575
Br,Ph,Ph,Ph,30.772119617
Br,Br,Ph,Me,30.781532162
Ph,Br,Ph,NHMe,30.783414671000003
Ph,Cl,Ph,NHMe,30.803494767000004
Me,Br,Ph,NMe2,30.852440001000005
Br,Ph,Cl,NHMe,30.875657612
Br,Ph,Br,NHPh,30.877540121000003
Br,Br,Cl,NMe2,30.878795127000004
Cl,Cl,Me,Me,30.891345187
Me,Cl,Ph,NMe2,30.907032762
Me,Br,H,NHMe,30.911425283000003
Br,Cl,Me,NHPh,30.915190301000003
Ph,Me,Ph,NH2,30.915190301000003
Ph,Me,Cl,NHMe,30.925857852000004
Br,Br,Br,NHPh,30.936525403
Cl,Me,Me,Ph,30.947820457
Cl,H,Me,NH2,30.950957972
Ph,Br,Me,OMe,31.068301033
Me,Me,Me,Me,31.078968584000005
H,Ph,Cl,NMe2,31.099676183000003
Br,Br,Cl,NHPh,31.162426483
Ph,Me,Br,NHMe,31.190036615
Ph,Br,Cl,Ph,31.191919124
Cl,Ph,Cl,NHMe,31.218901753
Br,Br,Ph,Ph,31.225176783
Cl,Br,Br,NHMe,31.291692101
Br,H,Ph,NMe2,31.297967131
Br,H,Me,NHPh,31.321184742000003
Ph,Me,H,NHMe,31.377032509000003
Ph,Cl,Me,Ph,31.417820204
Cl,Cl,Me,Ph,31.471157959000003
Br,Me,Me,OMe,31.50692563
Me,Me,H,NHPh,31.510690648
Br,Me,Me,Me,31.530143241
Br,Br,Ph,NMe2,31.530770744
Ph,Cl,H,NHMe,31.542693301
Me,H,H,NHMe,31.558380876000005
Cl,Cl,Ph,NHPh,31.559635882
Cl,Me,Br,NMe2,31.591638535
Me,Ph,Ph,NHMe,31.591638535
Br,Cl,Br,NHMe,31.609836122000004
Br,Cl,Ph,NMe2,31.654388835
Cl,Ph,Br,NHMe,31.666311392000004
Br,Ph,Br,NHMe,31.695804033
Br,Me,H,NHPh,31.715884129
Ph,H,H,NH2,31.727806686000005
H,Cl,Me,NHMe,31.7516518
Br,Ph,H,NHPh,31.786164465
Cl,Br,Me,Me,31.833854693000003
Cl,Br,Ph,NH2,31.835737202000004
Ph,Ph,Br,Me,31.837619711
Ph,Br,Me,Ph,31.843894741000003
Ph,Cl,Me,OMe,31.850169771
Cl,Me,H,NHPh,31.850797274
Ph,Ph,Br,NH2,31.88342743
H,H,Me,NHMe,31.938020191
Ph,Br,H,NHMe,31.946805233
Cl,Ph,H,NHPh,31.950570251
Br,Cl,Me,Me,31.952452760000003
Cl,Me,Cl,NMe2,31.968767838
H,Ph,Ph,NHPh,32.029635629
Ph,Me,Ph,Ph,32.032773144000004
Br,H,Me,NH2,32.04030318
H,Br,Me,NH2,32.075443348
H,Me,H,NHMe,32.092385929
Br,H,Me,NHMe,32.175216325
Cl,Me,Me,NHPh,32.207218978
Ph,Ph,Br,OMe,32.258674224
Br,Br,Br,NHMe,32.280009326000005
Ph,Cl,H,NH2,32.293814392
Cl,Br,Me,Ph,32.313894488
H,H,Me,NMe2,32.314521991
Me,Me,Me,NHPh,32.319542015
Br,Cl,Me,Ph,32.32895456000001
Ph,Ph,Cl,NH2,32.332719578
Ph,Ph,H,Me,32.345897141
Br,Cl,Ph,NH2,32.378527297000005
Me,H,Me,NMe2,32.414294968
Br,Me,Cl,NMe2,32.421197501
Ph,Me,Ph,NHMe,32.524107993
H,Ph,Ph,NH2,32.539795568
Me,H,Me,NH2,32.574308233000004
Cl,Cl,Ph,NH2,32.578073251
Br,Ph,Me,Me,32.623253467000005
Ph,H,Me,NHPh,32.657766132
Br,Br,Ph,NHPh,32.697298821000004
Br,Br,Me,Me,32.708593875
Ph,Ph,Cl,OMe,32.747499061
Me,Me,Me,NH2,32.837859493
Me,Cl,Me,NH2,32.875509673
H,Ph,Me,NH2,32.881784703
H,Ph,H,NHMe,32.914414859000004
Me,Ph,H,NH2,32.972772638
Cl,Ph,Me,Me,33.048072998
Cl,Ph,Ph,NH2,33.148473478
Br,Br,Me,Ph,33.155376011
Cl,Ph,Ph,NHPh,33.221891329
Ph,H,H,NHMe,33.226911353
Cl,Ph,Ph,Ph,33.228166359
Br,Ph,Ph,Me,33.236323898
Ph,Ph,Ph,OMe,33.247618952
H,Ph,Me,NHPh,33.311624258
Cl,Cl,Ph,NHMe,33.322291809
H,Cl,Br,NMe2,33.346136923
H,Me,Me,NHPh,33.368727031000006
Br,Ph,Me,OMe,33.417672265
Ph,Cl,Br,NMe2,33.432732337000004
Cl,Br,Ph,NHMe,33.444027391
Cl,Ph,Me,OMe,33.459714966
Ph,Ph,Me,Me,33.465989996
Me,Ph,Ph,NMe2,33.511170212
Ph,H,Me,NMe2,33.559487943
Me,H,Ph,NMe2,33.579568039
Me,Ph,Me,NHPh,33.663653441
Ph,Cl,Ph,Ph,33.683733537
Ph,Cl,Me,NHPh,33.736443789
Cl,Cl,Me,NHPh,33.763426418
H,Br,Me,NHMe,33.774721472
Br,Cl,Ph,NHMe,33.774721472
Ph,Me,Me,OMe,33.789781544
Ph,Me,H,NHPh,33.797939083
Ph,Cl,Cl,NMe2,33.864454401
Me,Ph,Br,NMe2,33.87888697
Br,Me,H,NHMe,33.883279491
H,Me,Me,NH2,33.883279491
Ph,Ph,Br,NHMe,33.906497102
Ph,Br,Br,NMe2,33.940382264
Br,Br,Ph,NHMe,34.018192636
Cl,Ph,H,NHMe,34.04768527700001
Me,Br,Ph,NHMe,34.05458781
Cl,Ph,Me,Ph,34.061490343
Ph,Br,Cl,NMe2,34.10478805
Cl,Cl,Me,NH2,34.148085757000004
Cl,H,Me,NHMe,34.158125805
Me,Ph,H,NMe2,34.181970919
Ph,Ph,Me,H,34.183225925
Me,Ph,Me,NH2,34.207698542
Ph,Ph,Me,Ph,34.254761267
Ph,Ph,Cl,NHMe,34.277978878000006
Cl,Me,H,NHMe,34.28801892600001
Me,Ph,Cl,NMe2,34.288646429
Me,H,Me,NHMe,34.319394076
Ph,Ph,Ph,NH2,34.346376705000004
Cl,Br,Me,NH2,34.390929418000006
Cl,Br,Me,NHPh,34.422304568
Me,Br,Me,NHMe,34.428579598
H,Cl,Cl,NMe2,34.459327245000004
Br,Ph,Me,Ph,34.461837257000006
H,Ph,Me,NHMe,34.501997449
Me,Ph,H,NHMe,34.549060174000005
Ph,Ph,H,NMe2,34.573532791000005
Me,Br,Me,NMe2,34.624360534000004
Br,Cl,Me,NH2,34.645068133
Ph,Me,Me,Ph,34.646323139
H,Br,Cl,NMe2,34.694013367000004
Cl,Cl,Me,NMe2,34.744213607000006
Me,Cl,Me,NHMe,34.746096116000004
Br,Ph,Br,NMe2,34.822651482000005
Ph,Cl,Me,Me,34.837084051
Cl,Ph,Br,NMe2,34.867831698
Ph,Br,Me,Me,34.911756908
Cl,Br,Me,NMe2,34.933719513
Ph,Br,Ph,NMe2,34.934347016000004
Ph,Cl,Ph,NMe2,34.966349669
Br,Ph,Ph,NHPh,35.006509861000005
Me,Cl,Me,NMe2,35.061102622
Br,Ph,Cl,NMe2,35.063612634
Me,Me,Me,NHMe,35.087457748000006
Ph,Ph,H,NHPh,35.160248096000004
Br,Me,Br,NMe2,35.352264014
Br,Br,Me,NHPh,35.352891517
Ph,Me,Cl,NMe2,35.374226619000005
Me,Ph,Ph,NH2,35.391796703000004
Ph,Me,Br,NMe2,35.395561721
Me,Ph,Ph,NHPh,35.421289344
Br,Me,Me,NHPh,35.421916847
Br,H,Me,NMe2,35.430074386
H,Br,H,NMe2,35.448899476
Ph,Me,Me,Me,35.506629752
Ph,Cl,Me,NHMe,35.529847363
Cl,Cl,Ph,NMe2,35.580675106
Br,Me,Me,NH2,35.587577639
Cl,H,Me,NMe2,35.631502849
Cl,Ph,Cl,NMe2,35.636522873000004
Br,Ph,Ph,NH2,35.667898023000006
Ph,Ph,Me,OMe,35.681075586000006
Cl,Br,Ph,NMe2,35.700528179
H,Br,Me,NMe2,35.722490784
Br,Cl,Cl,NMe2,35.858031432000004
Ph,Ph,Ph,NHMe,35.905094157
Br,Cl,Me,NHMe,35.906349163
Cl,Me,Me,NH2,36.109032632
Ph,Ph,Ph,Ph,36.153585345
Ph,Me,Me,NH2,36.24269077100001
Ph,Ph,H,NH2,36.262143364
Br,Br,Me,NH2,36.30104855
Me,Ph,Me,NHMe,36.339326233
Cl,Ph,Ph,NHMe,36.379486425
Br,Ph,Ph,OMe,36.395801503
Cl,Cl,H,NMe2,36.432196677
H,Me,Me,NMe2,36.469219354
Br,Ph,Me,NHPh,36.48302442
Ph,Ph,Br,NHPh,36.500594504
Ph,H,Me,NHMe,36.505614528
Ph,Ph,Ph,Me,36.570247337
Br,Br,Me,NHMe,36.58969993
Cl,Cl,Me,NHMe,36.648057709
Br,Ph,H,NH2,36.826896064
H,Ph,Me,NMe2,36.851368681
Br,Br,H,NMe2,36.893411382
Ph,Br,Me,NHPh,37.086054803
Br,Ph,Me,NH2,37.119312462
Ph,Ph,Cl,NHPh,37.174532726
Ph,Ph,Br,NMe2,37.233518008
Ph,Cl,Me,NH2,37.285600757000005
Me,Ph,Ph,OMe,37.293758296
H,Me,Me,NHMe,37.314465895
Cl,Ph,Me,NHPh,37.406081333
Ph,Br,Me,NH2,37.485774214
Ph,Ph,Cl,NMe2,37.49330425
Cl,Ph,Me,NH2,37.70038024
Me,Me,Me,NMe2,37.705400264000005
Br,Cl,Ph,NHPh,37.866668535
Ph,Ph,Me,NHPh,37.887376134
Ph,Me,Me,NHMe,37.891141152
Cl,Ph,Ph,NMe2,37.946361416
Me,Me,Br,NMe2,38.085667082
Me,Cl,H,NMe2,38.108884693
Cl,Me,Me,NHMe,38.121434753
Cl,Br,Me,NHMe,38.139004837
Me,Me,Cl,NMe2,38.58515947000001
Me,Br,H,NMe2,38.630339686
Me,Ph,Me,NMe2,38.733877681
Ph,Ph,Me,NH2,38.748937753
Ph,Br,Me,NMe2,38.762115316000006
Ph,Me,Ph,NHPh,38.769017849
Br,Ph,Ph,NMe2,38.826120622000005
Ph,Br,Me,NHMe,38.827375628000006
Me,Cl,Cl,NMe2,38.831768149000006
Br,Ph,H,NHMe,38.898283467000006
Ph,Cl,Me,NMe2,38.927148605
Ph,Ph,H,NHMe,39.001193959000005
Br,Ph,Me,NHMe,39.155559697
Br,Ph,Ph,NHMe,39.286707824
Br,Me,Ph,NMe2,39.304277908
Br,Me,Me,NHMe,39.350085627000006
Ph,Ph,Ph,NMe2,39.452368616
Br,Ph,Me,NMe2,39.47433122100001
Cl,Ph,Me,NHMe,40.201607198000005
Ph,Me,Me,NHPh,40.264357498
Ph,Ph,Ph,NHPh,40.334637834000006
Ph,Cl,H,NMe2,40.608856645
Br,Cl,Me,NMe2,40.759457365
Br,Br,Me,NMe2,40.924490654
Br,Me,Me,NMe2,41.022381122000006
Cl,Ph,Me,NMe2,41.08450391900001
Cl,Me,Ph,NMe2,41.179256872
H,Cl,Me,NMe2,42.658281443
Ph,Ph,Me,NMe2,42.835237289000005
Cl,Me,Me,NMe2,42.898615092
Me,Me,Ph,NMe2,43.640323638
Ph,Ph,Me,NHMe,45.864194270000006
Ph,Me,Ph,NMe2,47.223993271000005
Ph,Me,Me,NMe2,49.757850385000005
