R1,R2,R3,R4,X,Y,barrier
A,B,C,A,A,C,40.14003062568917
D,C,E,A,A,D,46.45736501636815
E,C,C,A,A,A,23.68552158491612
A,A,C,B,A,B,16.725671960074312
A,A,C,C,C,C,21.09287946030048
A,A,C,E,B,C,25.592721682277684
A,A,E,C,B,B,19.695108825654494
A,B,A,B,B,C,21.435219280043054
A,B,A,C,B,B,7.953866434627282
A,B,A,C,B,C,21.11107143131451
A,B,A,C,B,D,25.304066535779143
A,B,B,D,B,B,4.396757414072532
A,B,C,A,C,B,8.148025760547915
A,B,C,A,C,C,21.825866682378077
A,B,C,A,C,D,25.847711291250054
A,B,D,E,B,B,23.06452040882544
A,B,E,A,B,B,15.115413491124235
A,C,A,B,B,C,21.098913944640827
A,C,A,B,B,D,23.903476747897443
A,C,B,A,C,C,19.966732448500625
A,C,B,B,A,C,38.8888883212825
A,C,B,C,B,C,23.858903770988068
A,C,C,A,A,B,19.075429209598838
A,C,C,A,C,B,8.013283866503658
A,C,C,C,C,C,22.19963677394945
A,C,E,E,B,D,29.99619937837089
A,C,D,B,C,B,0.9518529395812314
A,C,D,B,C,C,18.161892936195738
A,C,D,E,A,A,15.797271226270265
A,C,D,E,A,B,28.90122604256608
A,C,E,B,B,B,14.883107620067127
A,C,E,D,C,C,28.744739124996446
A,C,E,D,C,B,22.054643192544606
A,C,E,E,A,C,49.42551084015998
A,C,E,E,B,A,4.2740138619661865
A,C,E,E,B,B,28.79514846007246
A,C,E,E,B,C,37.221859876616385
A,D,B,B,B,B,3.8825372304682686
A,D,B,C,A,B,18.556438211948567
A,D,B,C,B,B,8.648493747263021
A,D,B,E,B,A,14.407960489824855
A,D,B,E,B,C,26.68587747070147
A,D,C,C,C,B,4.0978188757680645
A,D,C,C,C,C,25.026063745193216
A,D,C,E,A,A,26.46918727207857
A,D,C,E,A,B,29.529905721373986
A,D,C,E,A,C,44.99540450982835
A,D,E,E,C,A,10.301769022967044
A,D,E,E,C,B,19.154772212211032
A,D,E,E,C,C,31.59045940835719
A,E,A,C,B,B,19.184704395849547
A,E,B,E,A,B,40.40658700610087
A,E,B,A,A,B,34.72474566282938
A,E,B,D,A,A,26.77834008431371
A,E,B,D,A,B,33.686610602921746
A,E,B,E,A,A,34.762410407348966
A,E,B,E,B,A,22.10447785622703
A,E,C,C,A,B,21.4287202498444
A,E,C,C,A,C,47.27350505191457
A,E,C,C,B,B,8.343482009990241
A,E,C,B,A,C,46.08786197298702
A,E,E,B,B,A,19.423098286670168
A,E,E,B,B,B,24.861249235357317
A,E,E,C,A,B,34.39131439800479
A,E,E,C,A,C,45.98721665719988
B,A,A,C,B,B,10.344846109943582
B,A,A,C,B,C,27.407684826562967
B,A,B,A,A,A,0.8879238896414916
B,A,B,A,A,B,12.770192861470669
B,A,B,A,A,C,34.947057334211266
B,A,B,E,A,B,25.806002835261094
B,A,B,E,A,C,42.70671757410601
B,A,C,A,C,C,18.919837870307408
B,A,C,A,C,D,23.757302507204646
B,A,C,C,B,B,5.373545064527073
B,A,C,C,B,C,25.345133987060922
B,A,C,E,A,A,14.28574385176589
B,A,C,E,A,B,27.813931188825684
B,A,C,E,A,C,44.94758420965653
B,A,D,C,C,C,23.362423691863576
B,A,D,E,B,A,7.4869959289175165
B,A,D,E,B,B,22.430192130744597
B,A,E,A,A,B,27.073318173448836
B,A,E,A,C,C,24.164867678113612
B,A,E,A,C,D,27.116726076054913
B,A,E,C,A,A,14.013318397931876
B,A,E,C,C,B,18.094316897047804
B,A,E,C,C,C,27.91512240276123
B,A,E,D,C,B,18.160502962906364
B,C,A,D,A,B,15.406808171121135
B,C,C,A,A,B,13.153669490891641
B,C,C,D,B,B,6.929663882865661
B,C,C,D,B,C,22.750352216416488
B,C,C,E,A,C,33.80479883277605
B,C,D,A,B,B,4.942761570654435
B,D,A,E,A,A,15.029792337814193
B,D,C,A,A,B,22.259372491230998
B,D,C,A,A,C,42.72492411893766
B,D,D,E,C,A,0.9843920025040296
B,D,E,C,B,C,36.21768767315515
B,D,E,D,A,A,12.34396976273539
B,D,E,D,B,C,37.77440021404756
B,D,E,D,C,A,6.987996324953373
B,E,A,B,A,B,27.816173117067986
B,E,A,B,A,C,52.88414348116374
B,E,A,C,A,C,52.21948651369882
B,E,A,C,B,B,24.045570662729787
B,E,A,C,B,C,37.39690949720822
B,E,B,A,A,B,27.817183658310533
B,E,B,D,A,B,29.597237641693216
B,E,C,E,A,C,51.164443583724925
B,E,D,A,A,C,51.04412604034381
B,E,D,A,A,D,54.06691007217239
B,E,D,A,B,C,35.5928731013589
B,E,D,D,A,C,54.17108301800952
B,E,E,C,A,A,21.619674174628848
C,A,A,C,B,B,9.724850918102211
C,A,A,E,C,B,19.5378814248092
C,A,A,E,C,C,25.71841266843296
C,A,B,E,A,B,17.43854013529808
C,A,B,E,A,C,30.770268352388676
C,A,C,A,B,B,8.705968693524929
C,A,C,A,B,C,21.57985491530941
C,A,C,A,B,D,27.000378132747826
C,A,C,D,C,B,7.46027358980016
C,A,C,E,B,B,16.354717983029765
C,A,C,E,B,C,22.067100526127447
C,A,D,B,A,B,20.451982068529
C,A,D,B,A,C,38.963805168778656
C,A,D,E,A,A,16.554918404863535
C,A,D,E,A,B,28.782609881993608
C,A,D,E,A,C,42.92959543153928
C,A,E,A,C,B,15.951821117057806
C,A,E,A,C,C,24.56091609510964
C,A,E,A,C,D,26.995485555328827
C,A,E,C,B,A,9.47535210142658
C,A,E,C,B,B,19.62701639768499
C,A,E,C,B,C,33.6900464920711
C,A,E,C,B,D,34.85008252029777
C,A,E,C,C,B,17.944595893032954
C,A,E,C,C,C,24.443968914557477
C,B,A,D,A,C,30.55102518229721
C,B,A,E,A,B,18.548800226217804
C,B,A,E,A,C,33.40452633234384
C,B,A,E,B,C,23.73310020229146
C,C,A,E,A,B,19.19702967910775
C,C,A,E,C,C,20.803725330479445
C,C,C,D,A,B,14.50656096876298
C,C,D,A,A,B,13.071477344959545
C,C,D,A,A,C,30.1482811336694
C,C,D,A,B,C,16.47835897719618
C,C,D,A,B,D,19.64695198570889
C,C,D,C,A,B,14.486108578790073
C,C,D,E,A,B,20.143233346683928
C,C,D,E,A,C,32.572348410905015
C,C,E,A,C,C,20.365431363576132
C,C,E,D,B,C,23.882827281583896
C,D,A,B,A,C,44.26735158098199
C,D,A,B,B,C,31.08062673643789
C,D,A,C,B,B,17.577787898720658
C,D,A,C,B,C,29.829146637965174
C,E,A,E,A,D,55.82691839728406
C,D,B,B,B,B,4.432779291671535
C,D,B,D,B,B,12.838371100738616
C,D,C,E,A,B,28.482850548361288
C,D,C,E,A,D,44.55308739936646
C,D,C,E,A,C,43.26596470695527
C,D,D,C,B,C,33.75312787349584
C,D,D,C,C,C,30.700743605246497
C,D,E,C,C,B,21.43023899019748
C,D,E,D,A,A,19.99597386922489
C,D,E,D,A,B,34.14572293531181
C,D,E,E,A,A,19.120375312993325
C,D,E,E,A,B,34.33604969822583
C,D,E,E,B,B,32.2931025991913
C,D,E,E,B,C,42.679791003289374
C,D,E,E,B,D,45.56993608671155
C,D,E,E,C,B,29.100506844152275
C,D,E,E,C,C,38.8103796287799
C,E,A,B,A,B,31.516481163140785
C,E,A,B,A,C,48.349381251245326
C,E,A,B,B,B,20.913947874800414
C,E,A,B,B,C,33.52848624747964
C,E,A,C,B,B,20.829371500874352
C,E,A,C,B,C,33.27782158596204
C,E,A,C,C,B,16.726866230309728
C,E,A,C,C,C,29.39105427853514
C,E,A,C,C,D,32.041808057016674
C,E,A,D,A,A,22.795010070896375
C,E,A,D,A,B,32.39120589110158
C,E,A,D,A,C,48.08044134831664
C,E,A,E,A,A,29.39425532606719
C,E,A,E,A,B,39.17511245622596
C,E,A,E,B,B,23.79956887285637
C,E,B,A,A,A,15.698568655951972
C,E,B,A,A,B,31.025577149497114
C,E,B,A,B,B,21.97606088624018
C,E,B,B,B,B,24.15983832562175
C,E,B,E,A,A,24.38046051374188
C,E,B,E,A,C,43.96220158213377
C,E,C,C,A,C,47.68481053988105
C,E,C,D,B,A,8.282267472479585
C,E,C,E,A,A,27.53737025108959
C,E,C,E,A,B,37.712787551169136
C,E,C,E,A,C,44.812535555185605
C,E,D,D,A,A,23.426879009514213
C,E,D,D,A,B,33.155849954695384
C,E,D,D,A,C,50.285886691117675
C,E,D,E,A,A,29.813720257654648
C,E,D,E,A,B,40.87418833246289
C,E,D,E,A,C,53.0260717203369
C,E,E,A,C,B,16.51866922445605
C,E,E,B,A,B,35.10422656612846
C,E,E,B,A,C,48.45211628845464
C,E,E,E,A,B,37.352718885686016
D,A,B,E,C,B,13.986867958662028
D,A,B,B,B,B,9.235325324946972
D,A,C,B,C,B,5.853609565399034
D,A,C,C,B,B,7.152065695215688
D,A,C,C,B,C,29.341960707118613
D,A,C,E,C,B,15.300046518470502
D,A,C,E,A,B,30.07256920273135
D,A,C,E,A,C,42.68307659580687
D,A,C,E,C,A,9.432054366303447
D,A,C,E,C,C,21.771186962560247
D,A,E,C,A,B,33.31391230267694
D,B,A,C,B,C,29.674904369564622
D,B,A,E,B,B,17.15487438157396
D,B,D,E,A,A,21.19730212786895
D,B,E,A,A,B,25.401875684129013
D,C,C,A,B,B,17.566110313889926
D,C,C,A,B,C,29.84735506673212
D,C,C,A,B,D,33.19529195714709
D,C,D,C,A,B,23.0377651606228
D,C,D,C,A,C,42.196898325867814
D,C,D,E,A,A,18.801264559204245
D,C,D,E,A,B,30.680657172595854
D,C,D,E,A,C,45.547447613682635
D,C,D,E,B,B,22.593429484678442
D,C,D,E,B,C,33.3474770961777
D,C,E,A,B,C,33.757545817498965
D,C,E,A,B,D,37.14864596673909
C,D,A,B,C,C,27.1926745636848
D,D,B,E,A,A,31.68445388627043
D,D,B,E,A,D,52.66421710251888
D,D,B,E,B,A,26.02527659390439
D,D,B,E,B,B,28.11460269656686
D,D,C,C,C,C,36.395614404674355
D,D,C,E,B,A,24.62778890511057
D,D,C,E,B,B,26.77970836748523
D,D,C,E,B,C,36.886563213074666
E,D,D,C,A,A,35.95216405351478
D,D,E,B,A,C,48.656788620784035
D,D,E,B,B,A,26.30825248630373
D,D,E,E,A,A,34.01966503948672
D,D,E,E,A,B,38.831902058015274
D,D,E,E,A,C,55.78886285561111
D,D,E,E,A,D,59.84721281247289
D,D,E,E,B,B,30.30373915043768
D,D,E,E,C,B,25.48587693486801
D,E,A,B,A,C,55.961451247204465
D,E,B,A,A,A,31.15516132912321
D,E,B,D,A,A,37.21319981289353
D,E,B,D,A,B,41.959232371797405
D,E,B,E,A,A,38.45948154880381
D,E,B,E,A,B,43.90965695570319
D,E,C,C,C,B,28.344557115381626
D,E,C,E,B,A,27.75711941276001
D,E,D,C,A,B,39.10687798090417
D,E,E,B,B,A,26.968876868346943
D,E,E,D,B,A,28.373557377690908
E,A,B,B,B,B,22.91817513166165
E,A,B,B,C,B,21.657112959985053
E,A,B,D,B,A,17.541782542794827
E,A,C,B,A,B,29.759885173136073
E,A,C,E,B,A,21.216011991114602
E,A,C,E,B,B,21.512525116593267
E,A,D,B,B,D,18.775583800568988
E,A,D,C,A,A,25.730981356089767
E,A,D,C,A,B,30.66569377869636
E,A,D,C,A,C,47.29776069264281
E,A,D,C,A,D,51.43846411945357
E,A,D,C,C,B,14.942433453293967
E,A,E,B,B,A,16.61902943009122
B,A,E,C,A,C,49.38818369066905
E,B,A,C,A,B,30.23625084590293
E,B,A,E,A,B,36.00693795871921
E,B,C,A,C,B,15.31099648094449
E,B,D,A,A,C,53.744006543950526
E,B,D,C,B,B,16.41968354317017
E,B,D,D,A,A,7.995243697172346
E,B,E,D,B,B,35.0206743780647
E,C,A,D,B,D,36.22976415189483
E,C,C,A,A,B,32.55820808296483
E,C,C,A,A,C,48.637979717030504
E,C,C,A,A,D,51.194641809376364
E,C,C,A,B,A,7.226757079287113
E,C,C,A,B,B,20.814455969083237
E,C,C,A,B,C,33.32385274178133
E,C,C,A,B,D,34.936735333431265
E,C,C,A,C,C,29.252390332524094
E,C,C,C,A,C,47.6786999003381
E,C,D,A,A,A,22.794703581453057
E,C,D,A,A,B,32.40381408757409
E,C,D,A,A,D,52.554718011113614
E,C,D,B,A,A,19.81885254680095
E,C,D,C,A,A,19.94311809673205
E,C,D,C,A,B,28.79932019824349
E,C,D,E,A,A,30.19093571865487
E,C,E,A,B,B,22.145915308179426
E,C,E,C,B,A,9.841602526508527
E,C,E,C,B,B,25.168422561461483
E,C,E,C,C,B,22.78718059153853
E,C,E,E,C,B,29.235479062271377
E,D,A,C,A,B,41.15465507807485
E,D,A,C,A,C,46.48207699961782
E,D,A,E,A,B,47.72567691431325
E,D,B,A,A,B,38.80777185261457
E,D,B,D,A,C,53.39171281940346
E,D,C,B,A,B,40.08012632038193
E,D,C,C,B,B,31.71992086851741
E,D,C,C,C,B,28.7229693339783
E,D,C,D,A,A,35.29891719116135
E,D,C,E,A,B,42.77730896314208
E,D,D,C,A,B,39.781531591032156
E,E,B,B,A,A,27.671957554359388
E,E,B,C,A,A,32.38306958012017
E,E,B,C,A,B,43.53747035249061
E,E,B,D,A,A,35.3328995249149
E,E,B,D,A,B,42.63195573892981
E,E,C,A,A,A,39.86844264152286
E,E,C,A,A,B,43.843905517208015
E,E,C,B,A,B,43.53775876152688
E,E,C,B,B,B,33.43341860245627
E,E,C,C,A,C,56.864284957762
E,E,C,C,B,B,32.109558133106475
E,E,D,D,A,A,40.057518425986686
A,A,A,B,A,C,42.852046318370796
A,A,A,C,A,A,16.22278392883652
A,A,A,C,A,B,21.712480071436282
A,A,A,C,B,A,4.70932869220645
A,A,A,C,B,B,11.020611558398686
A,A,A,C,B,D,26.78919805430096
A,A,A,D,A,A,15.256512625779731
A,A,A,D,A,B,17.84820524433409
A,A,A,E,A,A,22.76434324737728
A,A,A,E,A,B,28.55530781593322
A,A,A,E,A,C,46.53169651986328
A,A,A,E,B,A,10.026360043093334
A,A,A,E,B,B,16.752908972360167
A,A,A,E,C,A,8.87237985513786
A,A,A,E,C,D,27.60980658170629
A,A,B,A,B,C,22.194608948734498
A,A,B,A,B,D,27.57762070666679
A,A,B,A,C,B,9.57504594020752
A,A,B,A,C,C,18.871961659044302
A,A,B,A,C,D,23.72895129038298
A,A,B,B,A,A,10.407523213878532
A,A,B,B,A,B,11.15719552947491
A,A,B,B,B,B,16.28430848813777
A,A,B,B,B,C,26.981589535037408
A,A,B,B,B,D,31.144686500994037
A,A,B,B,C,B,1.5940949473828727
A,A,B,B,C,C,23.829254005219035
A,A,B,B,C,D,27.234363055325304
A,A,B,C,A,B,13.367461334525425
A,A,B,C,B,A,4.377045213139148
A,A,B,C,B,B,7.653547353641358
A,A,B,C,B,C,27.752589850329752
A,A,B,C,C,B,4.7337382556882925
A,A,B,C,C,C,24.047633189939265
A,A,B,C,C,D,27.56448395070743
A,A,B,D,A,A,14.353853148214364
A,A,B,D,A,B,20.070895375672237
A,A,B,D,A,C,40.266776609524534
A,A,B,E,A,A,19.922552779762466
A,A,B,E,A,B,26.145231263683854
A,A,B,E,A,C,41.050881341378215
A,A,B,E,A,D,44.08428071562536
A,A,B,E,B,A,8.227450481705997
A,A,B,E,B,B,18.972200551329614
A,A,B,E,B,C,27.21747888301137
A,A,B,E,B,D,30.899168495794825
A,A,B,E,C,B,15.12835664755168
A,A,B,E,C,C,24.49359974564975
A,A,B,E,C,D,26.833398168480212
A,A,C,A,A,A,14.641166274254287
A,A,C,A,A,B,18.77273426283464
A,A,C,A,A,D,45.220029143881646
A,A,C,A,B,A,2.343511507770049
A,A,C,A,B,B,8.257811895312885
A,A,C,B,B,B,7.571602665137129
A,A,C,B,B,C,24.489493965303296
A,A,C,B,B,D,32.33653749420942
A,A,C,B,C,B,4.776085610149459
A,A,C,B,C,C,21.617706863048106
A,A,C,B,C,D,28.3585947788177
A,A,C,C,A,B,14.256267013321528
A,A,C,C,B,B,6.666680611452593
A,A,C,C,B,C,24.96169841143797
A,A,C,C,B,D,33.19361791778114
A,A,C,C,C,B,3.498772000221648
A,A,C,C,C,D,28.81200403800853
A,A,C,D,A,B,21.861516715776855
A,A,C,D,A,C,40.37902805462204
A,A,C,D,B,A,5.639451578914636
A,A,C,D,B,B,12.956393646240555
A,A,C,D,B,C,22.086383265899634
A,A,C,D,B,D,30.40292677333861
A,A,C,D,C,A,3.4737004440099666
A,A,C,D,C,B,9.014272310493547
A,A,C,D,C,C,18.39987516523383
A,A,C,D,C,D,25.342490403909178
A,A,C,E,A,C,42.17829732716218
A,A,C,E,A,D,47.522154043012435
A,A,C,E,B,B,17.639406406546584
A,A,C,E,B,D,32.452779339153274
A,A,C,E,C,A,8.833041570932792
A,A,C,E,C,B,12.898776306974266
A,A,C,E,C,C,22.038172905669626
A,A,C,E,C,D,27.783655378864086
A,A,D,A,A,A,15.67960419885828
A,A,D,A,A,B,19.75910811929391
A,A,D,A,A,C,41.78455115188113
A,A,D,B,A,A,17.015079866270025
A,A,D,B,A,B,25.17664982115973
A,A,D,B,A,C,41.41301874828224
A,A,D,B,B,B,9.633796502097812
A,A,D,B,C,C,22.082455705607966
A,A,D,C,C,A,5.9932293667655205
A,A,D,C,C,B,13.603822532663267
A,A,D,C,C,C,23.281167910677176
A,A,D,C,C,D,27.46622864614513
A,A,D,D,A,B,22.580343030747045
A,A,D,D,A,C,37.557914466046796
A,A,D,D,A,D,47.41608849908899
A,A,D,D,B,B,12.840925813302267
A,A,D,D,B,C,25.354655161079158
A,A,D,D,B,D,30.42718067271995
A,A,D,E,A,B,34.2748602400837
A,A,D,E,A,C,47.052841839622495
A,A,D,E,A,D,49.22315995785541
A,A,E,A,A,A,16.952035282211362
A,A,E,A,A,B,25.79106255380147
A,A,E,A,B,A,5.3684763840990986
A,A,E,A,B,B,11.717444504593368
A,A,E,A,C,A,4.659978388923165
A,A,E,A,C,D,25.274231566633954
A,A,E,B,A,A,20.49507658976338
A,A,E,B,A,B,29.53336913099677
A,A,E,B,A,C,40.78286227585267
A,A,E,B,A,D,42.58969075700165
A,A,E,B,B,A,10.909501742948628
A,A,E,B,B,B,24.11493193574789
A,A,E,B,B,C,30.647892313831786
A,A,E,B,B,D,33.90876725837074
A,A,E,B,C,A,10.247301611874217
A,A,E,B,C,B,22.291831648264107
A,A,E,B,C,C,30.84096782425791
A,A,E,B,C,D,28.25861473215735
A,A,E,C,A,C,49.68007167526763
A,A,E,C,B,C,32.69110928072649
A,A,E,C,B,D,36.59162026010903
A,A,E,C,C,A,10.543031549735833
A,A,E,C,C,B,17.524810182230688
A,A,E,C,C,C,28.727116725235554
A,A,E,C,C,D,32.5188443682775
A,A,E,D,A,C,48.057157172024354
A,A,E,D,A,D,52.018267757162675
A,A,E,D,C,A,11.079755689927692
A,A,E,D,C,B,19.79259170512146
A,A,E,D,C,C,26.055747672528195
A,A,E,D,C,D,29.82718570822733
A,A,E,E,A,A,26.92256576216084
A,A,E,E,A,D,54.196454225410086
A,A,E,E,B,C,35.9221110723034
A,A,E,E,B,D,40.11794752354145
A,A,E,E,C,A,17.750249584154574
A,A,E,E,C,B,26.89629274204956
A,A,E,E,C,C,32.11482001718399
A,A,E,E,C,D,33.74871693648562
A,B,A,B,A,A,-1.385795198031694
A,B,A,B,A,B,10.053949436027606
A,B,A,B,B,A,0.5239017070386778
A,B,A,B,B,B,9.585740403403491
A,B,A,B,C,B,-0.7875974192112007
A,B,A,B,C,C,17.124651388576567
A,B,A,C,C,C,17.35758516205458
A,B,A,D,A,A,1.232233050129576
A,B,A,D,A,B,11.54684515870686
A,B,A,D,A,C,33.812070499653515
A,B,A,D,B,B,4.285375157711883
A,B,A,D,B,C,18.91115419842875
A,B,A,D,C,C,15.870594486949985
A,B,A,D,C,D,20.24574664907616
A,B,A,E,A,A,10.797307401383677
A,B,A,E,A,B,21.91290116194704
A,B,A,E,B,B,16.085598238769634
A,B,A,E,B,C,26.53668761617704
A,B,A,E,B,D,30.47410232535428
A,B,A,E,C,C,22.932276540048147
A,B,A,E,C,D,26.015315258486506
A,B,B,A,A,A,-1.8429669192604736
A,B,B,A,B,B,9.264959199769736
A,B,B,D,B,B,11.628217952734527
A,B,B,D,C,A,-4.060550714227038
A,B,B,E,C,C,26.963037251792056
A,B,C,A,A,A,-0.8218292677936212
A,B,C,A,A,B,8.418704905708399
A,B,C,A,B,B,6.889265828657558
A,B,C,A,B,C,17.53796962639487
A,B,C,A,B,D,25.359124361320013
A,B,C,B,A,C,34.716006368089275
A,B,C,B,C,B,6.3415335014262055
A,B,C,C,A,A,0.8935278310255121
A,B,C,C,A,B,9.218248856867467
A,B,C,C,C,B,1.7205271616519888
A,B,C,D,A,A,2.4420649997920254
A,B,C,D,A,B,15.323005953069424
A,B,C,D,A,C,33.710639004275194
A,B,C,D,B,A,-12.484508108377259
A,B,C,D,B,B,10.025727893230972
A,B,C,D,B,C,20.464984246674767
A,B,C,D,C,B,6.7380721476135825
A,B,C,E,A,A,10.530700132740787
A,B,C,E,A,B,19.539736471244407
A,B,C,E,A,C,38.378139279406476
A,B,C,E,B,B,17.396524765105802
A,B,C,E,B,C,25.726100324706287
A,B,C,E,B,D,27.50386519089416
A,B,C,E,C,C,22.24754262726272
A,B,D,A,B,B,10.079837357230332
A,B,D,A,B,C,23.651073513590628
A,B,D,A,B,D,29.53793491298336
A,B,D,B,B,B,14.353065306624206
A,B,D,B,B,C,23.782973987722286
A,B,D,C,A,A,3.1608468348627365
A,B,D,C,B,B,7.895536411053599
A,B,D,C,B,C,15.860420806104068
A,B,D,D,A,A,-1.6491640441632618
A,B,D,D,A,B,12.389173776561911
A,B,D,D,A,C,31.218015290165237
A,B,D,E,A,A,15.175381774399145
A,B,D,E,A,B,28.573039450094317
A,B,D,E,A,C,44.79961102396594
A,B,D,E,B,A,8.784393543456444
A,B,D,E,B,C,33.09943158745451
A,B,D,E,B,D,38.434877379382044
A,B,D,E,C,B,19.344549263716946
A,B,D,E,C,C,27.330789130742478
A,B,E,A,A,B,16.928403896093016
A,B,E,A,A,C,33.935479173253675
A,B,E,A,A,D,36.25810459855753
A,B,E,A,B,A,5.515498657880436
A,B,E,A,B,C,32.78284634620001
A,B,E,A,B,D,26.165619104898948
A,B,E,B,B,B,9.7191243811575
A,B,E,B,B,C,22.578391579267468
A,B,E,C,B,A,2.773389270443058
A,B,E,C,B,D,22.58545684794023
A,B,E,D,A,A,0.7112123626439475
A,B,E,D,B,A,5.535476499974487
A,B,E,D,C,C,19.200773103713697
A,B,E,D,C,D,23.430432855213546
A,B,E,E,A,A,8.035182503393253
A,B,E,E,A,B,28.041886953935233
A,B,E,E,A,C,32.44924186640051
A,B,E,E,A,D,36.87907503069028
A,B,E,E,B,C,29.32054052999353
A,B,E,E,B,D,33.20580104048631
A,C,A,A,A,A,4.504053087887602
A,C,A,A,A,B,12.566890465702643
A,C,A,A,A,C,34.573440978645806
A,C,A,A,B,B,2.386942623915477
A,C,A,A,B,C,16.67559729922922
A,C,A,A,C,D,16.607254970158955
A,C,A,B,A,B,17.567597753356747
A,C,A,B,A,C,35.565048826416685
A,C,A,B,B,B,9.491814650403716
A,C,A,B,C,B,6.6884162965318215
A,C,A,B,C,C,17.495216018278445
A,C,A,B,C,D,20.33819848549465
A,C,A,C,A,B,17.687553751999555
A,C,A,C,B,B,9.298721573783489
A,C,A,C,B,C,19.767624447091762
A,C,A,C,B,D,22.85620795239987
A,C,A,C,C,B,8.867480958736031
A,C,A,C,C,C,17.71446910910666
A,C,A,C,C,D,20.203483418578887
A,C,A,E,A,C,40.36765567425174
A,C,A,E,B,B,15.372646670260892
A,C,A,E,B,C,25.767564395173892
A,C,A,E,B,D,27.70397371925137
A,C,A,E,C,B,14.264855373388505
A,C,A,E,C,C,23.25501256942581
A,C,A,E,C,D,24.300675923036078
A,C,B,A,A,A,4.883294431792707
A,C,B,A,A,B,16.219338716634386
A,C,B,A,B,B,12.945547464353494
A,C,B,A,B,C,23.38978401621933
A,C,B,A,B,D,26.49983091411533
A,C,B,A,C,A,-0.2430777317789956
A,C,B,B,A,A,3.7879312258496296
A,C,B,B,B,B,2.6272113099167567
A,C,B,B,B,D,30.682212845637522
A,C,B,B,C,B,0.042020273425309895
A,C,B,C,A,A,9.735542789309203
A,C,B,C,B,A,-9.154973714683116
A,C,B,C,B,B,9.779462891352996
A,C,B,D,A,A,5.168707846391514
A,C,B,D,A,B,16.738277044464702
A,C,B,E,A,A,13.610832075290046
A,C,B,E,A,B,25.57408597666672
A,C,B,E,A,C,38.051493836429664
A,C,B,E,B,B,20.75301296258499
A,C,B,E,B,C,26.45727945324513
A,C,B,E,B,D,27.40183377273773
A,C,B,E,C,B,16.75941558794798
A,C,B,E,C,C,23.38260340809031
A,C,C,A,B,B,6.92504018195369
A,C,C,A,B,C,17.342329667875443
A,C,C,A,B,D,22.566786550600057
A,C,C,A,C,C,14.380140081125464
A,C,C,A,C,D,18.8549068509617
A,C,C,B,A,B,10.34591918450422
A,C,C,B,B,B,5.070147186068802
A,C,C,B,B,D,28.74304582482553
A,C,C,B,C,B,2.5973059450163567
A,C,C,B,C,C,21.268324679656715
A,C,C,C,A,A,14.974361809789484
A,C,C,C,B,B,5.2510178598375665
A,C,C,C,B,C,23.65762998512274
A,C,C,D,A,A,8.35097048972068
A,C,C,D,A,B,19.2967573084964
A,C,C,D,B,B,11.752288133738391
A,C,C,D,B,C,20.849312361133315
A,C,C,D,C,B,9.73300949125398
A,C,C,D,C,C,18.610475012028857
A,C,C,E,A,A,14.356874876710553
A,C,C,E,A,B,24.171320495392948
A,C,C,E,A,C,38.301674453154895
A,C,C,E,B,B,17.341381095239782
A,C,C,E,B,C,25.47890613821547
A,C,C,E,B,D,29.979833035217208
A,C,C,E,C,A,2.323423768110694
A,C,C,E,C,C,21.615231966736435
A,C,C,E,C,D,25.534852717406025
A,C,D,A,A,B,15.681658279875105
A,C,D,A,A,C,35.688142907274646
A,C,D,A,B,A,-5.118689098537957
A,C,D,A,B,B,6.697051514657358
A,C,D,A,B,D,22.911997553332647
A,C,D,A,C,D,18.72014005218849
A,C,D,B,A,A,-8.11248571106234
A,C,D,B,A,B,19.418627391040566
A,C,D,B,A,C,36.09165474416194
A,C,D,B,B,C,23.431797091636486
A,C,D,B,C,B,10.815702647027353
A,C,D,C,A,A,8.255781293907242
A,C,D,C,A,B,20.83885331521423
A,C,D,C,A,C,37.634125577556475
A,C,D,C,B,B,15.620696788286905
A,C,D,C,B,C,25.09885157337225
A,C,D,C,B,D,28.658246986735676
A,C,D,C,C,B,11.95257707910062
A,C,D,C,C,C,21.571982104072283
A,C,D,D,A,A,-0.3532829307264369
A,C,D,D,A,B,17.411441718358752
A,C,D,D,A,C,36.48838527918938
A,C,D,D,A,D,40.57313279833669
A,C,D,D,B,B,10.068899596093667
A,C,D,D,B,C,21.79056656916722
A,C,D,D,B,D,25.785104573706736
A,C,D,E,A,C,40.908927291223954
A,C,D,E,B,B,23.30190107909236
A,C,D,E,B,C,28.49372834743162
A,C,D,E,B,D,31.090882502741
A,C,D,E,C,B,17.789771997472286
A,C,D,E,C,C,23.903125387399893
A,C,D,E,C,D,24.622621068514825
A,C,E,A,A,B,24.444399871279913
A,C,E,A,B,B,13.82206098271724
A,C,E,A,B,C,23.419410588087374
A,C,E,A,B,D,26.276717060657248
A,C,E,A,C,A,3.489063191833944
A,C,E,A,C,C,20.29230085592205
A,C,E,A,C,D,22.66307115452287
A,C,E,B,A,A,8.33872810803409
A,C,E,B,A,B,22.331670077719888
A,C,E,B,B,A,1.9612243306327104
A,C,E,B,B,D,27.106036899935173
A,C,E,B,C,B,19.71327106687652
A,C,E,B,C,D,23.147865780174666
A,C,E,C,A,A,11.903231078229215
A,C,E,C,A,B,27.528959468376986
A,C,E,C,B,A,-0.3360532308287469
A,C,E,C,B,C,30.242650102235388
A,C,E,C,C,C,29.408648484266802
A,C,E,C,C,D,31.87338234427617
A,C,E,D,A,A,13.433637749710094
A,C,E,D,A,B,31.182854093311423
A,C,E,D,A,C,44.69511061288864
A,C,E,D,B,A,0.6492703077006441
A,C,E,D,B,B,22.715800897385634
A,C,E,D,B,C,28.12181781571413
A,C,E,D,B,D,33.44626401140208
A,C,E,D,C,A,-0.1681051045547708
A,C,E,E,A,A,15.114851084559165
A,C,E,E,A,B,32.466699999840735
A,C,E,E,C,B,27.657589483468186
A,C,E,E,C,C,24.79017214893007
A,C,E,E,C,D,25.323856732595342
A,D,A,A,C,C,15.769421386076855
A,D,A,A,C,D,18.450752946948047
A,D,A,B,A,A,19.699881956462697
A,D,A,B,A,B,27.706361810738343
A,D,A,B,A,C,44.64280327715881
A,D,A,B,C,A,10.222175148179312
A,D,A,B,C,B,14.564106416231825
A,D,A,B,C,C,22.639363985411624
A,D,A,B,C,D,27.584756319198465
A,D,A,C,A,A,22.298053117662374
A,D,A,C,A,B,27.58509412295326
A,D,A,C,A,C,43.20692774265803
A,D,A,C,A,D,48.86656553204833
A,D,A,C,B,B,15.360337445733741
A,D,A,C,B,C,24.05474168023712
A,D,A,C,B,D,29.81762385672593
A,D,A,D,A,B,24.373784144680172
A,D,A,D,A,C,43.24015598441369
A,D,A,D,A,D,47.61456949751565
A,D,A,D,B,A,6.0950920616196544
A,D,A,D,B,B,9.67165556640797
A,D,A,D,B,C,21.52851597194884
A,D,A,D,B,D,26.86214214156719
A,D,A,D,C,A,6.297144847762704
A,D,A,D,C,B,8.314802672752215
A,D,A,D,C,C,19.101343967834822
A,D,A,D,C,D,24.141103511775107
A,D,A,E,A,D,50.33611116569785
A,D,A,E,C,A,15.809125571331265
A,D,A,E,C,B,17.98818640803939
A,D,A,E,C,C,26.402222797530406
A,D,A,E,C,D,29.635597602315976
A,D,B,A,A,A,16.42880296943417
A,D,B,A,A,B,23.24127068542559
A,D,B,A,A,C,40.31015787409451
A,D,B,A,A,D,46.3172923293408
A,D,B,A,C,A,6.882433756704662
A,D,B,A,C,B,10.978342771943014
A,D,B,A,C,C,19.907157315034077
A,D,B,A,C,D,25.127051088240556
A,D,B,B,B,B,16.973058184511213
A,D,B,C,A,B,26.841200130853466
A,D,B,C,B,A,3.1870097772759403
A,D,B,C,C,B,4.895636309713857
A,D,B,D,A,A,15.905376003185921
A,D,B,D,A,B,21.83684939472877
A,D,B,D,A,C,41.60888312100012
A,D,B,D,C,A,6.4057479446011625
A,D,B,D,C,B,10.524869182867302
A,D,B,E,A,A,26.82383650402997
A,D,B,E,A,B,29.7663553828612
A,D,B,E,A,C,43.4932362073589
A,D,B,E,B,B,19.54262577326975
A,D,B,E,C,A,13.573261770068314
A,D,C,A,A,A,17.663849695631598
A,D,C,A,A,B,20.687968250918466
A,D,C,A,A,C,37.009796073090655
A,D,C,A,A,D,44.74311476117454
A,D,C,A,B,A,3.6525237439674494
A,D,C,A,B,B,7.927921535464224
A,D,C,A,B,C,17.066081471580176
A,D,C,A,B,D,25.485917269172802
A,D,C,A,C,A,2.9432746688720712
A,D,C,A,C,C,14.498299071983636
A,D,C,A,C,D,22.20999403028399
A,D,C,B,B,B,0.9613565905306088
A,D,C,B,B,C,25.89080822293364
A,D,C,B,B,D,33.640233850127714
A,D,C,B,C,B,-0.5813837435864257
A,D,C,B,C,C,23.65980255233909
A,D,C,B,C,D,30.591613839728545
A,D,C,C,A,B,15.054881801643395
A,D,C,C,A,C,41.90527040273036
A,D,C,C,A,D,49.3498756758582
A,D,C,C,B,B,4.195536656778021
A,D,C,C,B,C,25.509198230377933
A,D,C,C,B,D,34.01859932214293
A,D,C,C,C,A,0.01801593488638576
A,D,C,D,A,A,20.27419421844096
A,D,C,D,A,B,25.200967737867977
A,D,C,D,A,D,47.835326878763894
A,D,C,D,B,A,7.8398978579842815
A,D,C,D,B,B,13.896647850832494
A,D,C,D,B,C,22.200539158673447
A,D,C,D,B,D,30.272466971121176
A,D,C,D,C,A,7.090461939529267
A,D,C,D,C,B,11.562644116505794
A,D,C,E,A,D,48.24148350234224
A,D,C,E,B,A,13.10091369466718
A,D,C,E,B,C,26.03898532899301
A,D,C,E,B,D,32.79335415061002
A,D,C,E,C,A,12.725404952973433
A,D,C,E,C,B,13.437228128347893
A,D,C,E,C,C,24.07910955589991
A,D,C,E,C,D,29.53501190284303
A,D,D,A,A,A,20.925159089596967
A,D,D,A,A,B,24.334584092660734
A,D,D,A,A,D,48.251987225071204
A,D,D,A,C,A,5.542029019609141
A,D,D,A,C,B,7.910297270648693
A,D,D,A,C,C,18.175972908322773
A,D,D,A,C,D,24.066277001167393
A,D,D,B,A,B,28.941582703485125
A,D,D,B,A,C,46.083268787805565
A,D,D,B,B,A,12.565500553542226
A,D,D,B,B,C,29.002396763500858
A,D,D,B,B,D,34.541797221868435
A,D,D,B,C,A,10.319421919284652
A,D,D,B,C,C,25.6620332876614
A,D,D,B,C,D,30.19205403796299
A,D,D,C,A,B,29.53798706246963
A,D,D,C,A,C,45.774403819594546
A,D,D,C,A,D,51.304797059470644
A,D,D,C,C,A,11.70393733769798
A,D,D,C,C,B,17.148972233465145
A,D,D,C,C,C,25.464782437839364
A,D,D,C,C,D,30.62494725704309
A,D,D,D,A,B,26.21001870751705
A,D,D,D,A,D,48.6759556024484
A,D,D,D,C,A,7.79306496443434
A,D,D,D,C,B,11.000669498736196
A,D,D,D,C,C,21.41966580517728
A,D,D,E,A,B,36.602855412312906
A,D,D,E,A,C,49.09740539936819
A,D,D,E,A,D,51.645793232658825
A,D,D,E,B,C,31.8172106580418
A,D,D,E,C,A,16.095233827468327
A,D,D,E,C,B,21.804506247982047
A,D,D,E,C,C,27.871477311181327
A,D,D,E,C,D,30.74122154263028
A,D,E,A,A,C,42.51920604594961
A,D,E,A,A,D,48.10250090605373
A,D,E,A,B,B,12.306252825098795
A,D,E,A,B,C,21.753115712481193
A,D,E,A,B,D,27.132017705753388
A,D,E,B,A,A,25.199878695496857
A,D,E,B,A,B,34.267275757292516
A,D,E,B,A,C,44.00151152200735
A,D,E,B,A,D,48.81899253750128
A,D,E,B,B,A,13.48896704553577
A,D,E,B,B,C,30.520118063582306
A,D,E,B,C,B,15.653929154243713
A,D,E,B,C,C,28.275347087131877
A,D,E,C,A,A,24.679964119656358
A,D,E,C,A,B,28.096323695721555
A,D,E,C,A,C,48.87905741958964
A,D,E,C,B,A,13.504694774794546
A,D,E,C,B,B,14.6393831113905
A,D,E,C,B,C,25.81524243475061
A,D,E,C,B,D,37.42812381558564
A,D,E,C,C,A,12.061926094711707
A,D,E,C,C,C,22.58841727994259
A,D,E,D,B,A,15.723558477460365
A,D,E,D,B,B,24.316265519803355
A,D,E,D,B,C,30.12895104427496
A,D,E,D,B,D,35.51443737166651
A,D,E,E,A,B,36.341680346647145
A,D,E,E,A,C,46.048156283184824
A,D,E,E,A,D,49.40485962701824
A,D,E,E,B,A,15.095975922191307
A,D,E,E,B,B,24.43551778969482
A,D,E,E,B,C,37.81103766941853
A,D,E,E,B,D,43.44879341321353
A,D,E,E,C,D,39.04632831314793
A,E,A,A,A,A,26.85541278214213
A,E,A,A,A,B,29.563986743787595
A,E,A,A,A,C,46.25787776221913
A,E,A,A,B,A,9.536054967328564
A,E,A,A,B,B,11.436471642853315
A,E,A,B,A,A,25.828098948856173
A,E,A,B,A,B,32.83604256890579
A,E,A,B,A,C,49.88680360558892
A,E,A,B,A,D,52.822840477632774
A,E,A,B,B,A,13.472364795551885
A,E,A,B,B,B,19.47593827640702
A,E,A,B,C,A,11.73333188096282
A,E,A,B,C,B,15.04924904708651
A,E,A,C,A,C,49.89357488798956
A,E,A,C,C,A,11.971265750222047
A,E,A,C,C,B,16.058809030377116
A,E,A,D,A,C,48.170967222104046
A,E,A,D,B,B,14.389366296702974
A,E,A,D,C,A,8.738528811661299
A,E,A,D,C,B,10.240698619924213
A,E,A,E,C,B,18.30405611219254
A,E,B,A,A,A,25.088535958925533
A,E,B,A,B,A,15.866776951771392
A,E,B,B,A,A,22.222237602545643
A,E,B,B,A,B,32.04210092548161
A,E,B,B,C,A,9.78725276440148
A,E,B,B,C,B,10.706861587242232
A,E,B,C,A,A,25.638164726740914
A,E,B,C,A,B,37.20018253946861
A,E,B,C,B,A,15.460004707494187
A,E,B,C,B,B,24.836583999349408
A,E,B,C,C,B,20.29601407068233
A,E,B,D,B,A,17.63716917303162
A,E,B,D,C,A,14.802252818715715
A,E,C,A,A,C,42.08469446918063
A,E,C,A,B,B,14.45416647232848
A,E,C,A,C,A,6.4738729319034025
A,E,C,A,C,B,4.501449639941528
A,E,C,B,A,B,35.898656543899996
A,E,C,B,A,D,53.67045007468438
A,E,C,B,B,A,13.072508601113045
A,E,C,B,B,B,23.59898774452909
A,E,C,B,C,A,-4.29697440669361
A,E,C,B,C,B,20.765172146222483
A,E,C,C,A,B,36.386034775738295
A,E,C,C,B,A,0.2589088393682939
A,E,C,C,B,B,27.092858816690363
A,E,C,C,C,A,10.496525036964583
A,E,C,C,C,B,21.308643837274204
A,E,C,D,A,A,25.97053943721253
A,E,C,D,A,B,31.935354358625993
A,E,C,D,A,C,45.24078111948981
A,E,C,D,B,A,13.200680559011865
A,E,C,D,B,B,19.57265645788909
A,E,C,D,C,A,9.932492237465212
A,E,C,D,C,B,14.392637068977166
A,E,C,E,A,A,32.25148537112
A,E,C,E,A,B,37.431281303268584
A,E,C,E,B,A,17.63147710572341
A,E,C,E,B,B,23.186612720635985
A,E,C,E,C,A,15.112429206790216
A,E,C,E,C,B,17.204794621846975
A,E,D,A,C,A,8.517617955593915
A,E,D,B,A,A,26.64568646196889
A,E,D,B,A,B,34.73130391601275
A,E,D,B,A,C,52.08614938929762
A,E,D,B,A,D,54.91231075020321
A,E,D,B,B,A,16.568500326587664
A,E,D,B,C,A,13.208880947319695
A,E,D,B,C,B,18.325259449537008
A,E,D,C,A,A,30.442298118108077
A,E,D,C,A,B,37.220850373686375
A,E,D,C,A,C,53.44176612495338
A,E,D,C,A,D,56.84113273020272
A,E,D,C,B,A,18.36281605956761
A,E,D,C,B,B,25.478545120209397
A,E,D,C,C,A,14.62822667432762
A,E,D,C,C,B,19.703514107509037
A,E,D,D,A,A,27.85439426713344
A,E,D,D,A,B,33.18417722655248
A,E,D,D,A,C,49.99176494127054
A,E,D,D,B,A,14.244670465808735
A,E,D,D,B,B,19.905016173354266
A,E,D,D,C,A,10.338645726185057
A,E,D,D,C,B,12.653354362691259
A,E,D,E,A,A,37.42039195332036
A,E,D,E,A,B,45.31650234285193
A,E,D,E,B,B,29.906510451783284
A,E,D,E,C,A,18.564606897532467
A,E,E,A,B,B,15.236017698818175
A,E,E,A,C,A,8.108942340987046
A,E,E,A,C,B,11.275696191121778
A,E,E,B,A,A,26.84488831926287
A,E,E,B,A,B,36.2192822642026
A,E,E,B,A,C,49.98196164358981
A,E,E,B,A,D,53.73961936055122
A,E,E,B,C,A,13.987054823045163
A,E,E,B,C,B,20.821883249160273
A,E,E,C,A,A,28.10293921840157
A,E,E,C,A,D,50.3577156637416
A,E,E,C,B,A,18.21743591771753
A,E,E,C,B,B,24.584752319116806
A,E,E,C,C,A,14.884858415393325
A,E,E,C,C,B,19.517220182386183
A,E,E,D,A,A,27.395283112802897
A,E,E,D,A,B,35.76701829698879
A,E,E,D,B,A,15.990978953392053
A,E,E,D,B,B,23.741935081661573
A,E,E,D,C,A,12.852458821575055
A,E,E,D,C,B,20.03552851476579
A,E,E,E,A,A,36.73151713675311
A,E,E,E,A,B,43.42062330632822
A,E,E,E,B,A,23.170719089005193
A,E,E,E,B,B,31.28321837999127
A,E,E,E,C,A,19.730178406676398
B,A,A,A,A,C,39.76431018537487
B,A,A,A,B,C,21.53463222871399
B,A,A,A,B,D,25.227643011477927
B,A,A,B,A,B,14.159175476710931
B,A,A,B,B,C,29.69023969269351
B,A,A,B,C,C,26.08968964847044
B,A,A,C,A,B,16.867082735494048
B,A,A,C,B,A,2.4028655359909887
B,A,A,C,C,B,10.631938871709751
B,A,A,C,C,C,23.009441803602535
B,A,A,D,B,A,0.585779025995468
B,A,A,D,B,B,7.918874299425224
B,A,A,D,B,C,27.060774796281446
B,A,A,D,B,D,29.83768719665107
B,A,A,E,A,A,11.799372921597154
B,A,A,E,A,B,24.99832060394304
B,A,A,E,A,C,46.5002624972503
B,A,A,E,B,B,21.859226619548664
B,A,A,E,B,C,36.40534119574892
B,A,A,E,B,D,37.85119532751595
B,A,A,E,C,B,21.159133964550676
B,A,A,E,C,C,33.42293719718475
B,A,A,E,C,D,34.24384853624664
B,A,B,A,A,A,5.955917836067371
B,A,B,A,A,B,15.83440713974223
B,A,B,A,B,C,22.60957084280137
B,A,B,A,B,D,27.031076490930534
B,A,B,A,C,B,0.6277522149968826
B,A,B,B,A,B,26.75680418150365
B,A,B,C,A,B,5.056203681890391
B,A,B,C,A,C,29.84782115925986
B,A,B,C,B,B,-0.4379258980574541
B,A,B,C,C,B,8.178291918392002
B,A,B,C,C,C,24.066933509037995
B,A,B,D,A,B,12.768189970485675
B,A,B,D,A,C,38.59476958554798
B,A,B,D,B,C,25.54188526164866
B,A,B,D,C,C,21.555586980452823
B,A,B,E,B,B,17.091543229268268
B,A,C,A,A,B,16.60454463254428
B,A,C,A,B,B,6.5810875033350476
B,A,C,A,B,C,17.779563885397796
B,A,C,A,B,D,26.219363449186268
B,A,C,C,A,A,5.71706466121055
B,A,C,C,A,B,21.674454611494603
B,A,C,D,A,A,5.911611199487102
B,A,C,D,A,B,12.340192690593605
B,A,C,D,B,B,3.0965316852562945
B,A,C,D,B,C,13.111511254543107
B,A,C,D,B,D,16.34696644237576
B,A,C,D,C,C,17.912086758465513
B,A,C,E,B,B,17.367347290617108
B,A,C,E,B,C,28.327160582246915
B,A,C,E,B,D,34.51338473662486
B,A,D,A,C,C,17.889892044892658
B,A,D,A,C,D,22.431826494054032
B,A,D,C,A,A,3.4902436649090647
B,A,D,C,A,B,20.396759935092547
B,A,D,C,B,B,4.9545726496917
B,A,D,C,B,C,18.766086280870425
B,A,D,C,C,B,12.09224373705742
B,A,D,D,A,A,4.248947546500603
B,A,D,D,A,B,19.458948390756333
B,A,D,D,A,C,39.70742459431359
B,A,D,D,B,B,10.004467156410264
B,A,D,E,A,A,17.00057856151016
B,A,D,E,A,B,25.304512096414534
B,A,D,E,B,C,37.20295764566805
B,A,D,E,B,D,33.94976559205777
B,A,D,E,C,C,32.643612826601824
B,A,E,A,A,A,11.988872816671016
B,A,E,A,A,C,45.90539957348151
B,A,E,A,B,A,3.5812554237407674
B,A,E,A,B,B,14.794622303639285
B,A,E,A,B,C,27.764762453275253
B,A,E,A,B,D,31.223487052501937
B,A,E,A,C,B,13.767178473901849
B,A,E,B,A,A,18.142052222155485
B,A,E,B,B,B,21.662639888197866
B,A,E,B,B,C,29.9087468596408
B,A,E,C,B,B,20.212267621195398
B,A,E,C,B,C,29.03310558787292
B,A,E,C,C,D,31.83736884705869
B,A,E,D,A,A,14.574668089094267
B,A,E,D,A,B,29.64439406440083
B,A,E,D,A,C,50.25612101172421
B,A,E,D,B,A,6.259389964238956
B,A,E,D,B,B,19.06393552723997
B,A,E,D,B,C,30.163760385775213
B,A,E,D,C,C,27.533258841328145
B,A,E,D,C,D,29.58078543058609
B,A,E,E,A,A,25.883141834073463
B,A,E,E,A,B,29.560249390308925
B,A,E,E,B,A,14.639628478319544
B,A,E,E,B,B,30.753015336588874
B,A,E,E,B,C,40.44788942987584
B,A,E,E,B,D,41.78321168091608
B,A,E,E,C,A,10.500681603205553
B,A,E,E,C,B,21.002075180913625
B,A,E,E,C,C,35.9690610886471
B,A,E,E,C,D,37.778762286999545
B,B,A,A,B,B,-1.2497638895522571
B,B,D,D,A,A,-4.020206939737366
B,C,A,A,A,A,-2.854875066080972
B,C,A,A,A,B,10.014570836375606
B,C,A,A,B,B,1.788065134418524
B,C,A,A,B,C,18.525682339291087
B,C,A,A,B,D,20.679947611589206
B,C,A,C,B,B,8.783116062305925
B,C,A,E,A,A,10.184903122882213
B,C,A,E,C,C,32.136541436713074
B,C,C,E,B,B,15.794765006635787
B,C,D,A,A,A,-0.8286239912475444
B,C,D,A,A,B,14.412520910468874
B,C,D,A,B,C,19.515456233498284
B,C,D,A,B,D,22.221672707729677
B,C,D,D,B,B,7.800841973914466
B,C,D,E,A,A,10.984464691276193
B,C,D,E,B,B,17.141707307570314
B,C,D,E,B,C,31.249949901314867
B,C,E,A,A,A,5.4508906906093655
B,C,E,A,A,B,23.51443625782343
B,C,E,A,B,C,24.02564864220635
B,C,E,A,B,D,26.19444583020875
B,C,E,C,B,C,24.448795160202042
B,C,E,E,A,A,11.119235216173086
B,D,A,A,B,B,6.484912198727608
B,D,A,A,B,C,24.992547189894708
B,D,A,A,B,D,30.75733107773037
B,D,A,A,C,B,5.891612756722635
B,D,A,C,A,A,12.695984047305934
B,D,A,C,A,C,46.425304627147725
B,D,A,C,B,A,5.9664610018517985
B,D,A,C,B,B,17.38312432761439
B,D,A,D,A,A,9.120406779127883
B,D,A,D,B,C,30.79710055782125
B,D,A,E,A,B,25.32634163894198
B,D,A,E,A,D,58.76705084667819
B,D,B,A,A,B,16.272860393526535
B,D,B,A,B,A,-5.682241791307103
B,D,C,A,A,A,10.330447138334467
B,D,C,A,B,B,8.317266334016615
B,D,C,C,B,B,5.291712401777382
B,D,C,C,C,B,2.903842425166851
B,D,C,D,A,A,-0.14162384569362718
B,D,C,D,A,C,42.961954048996134
B,D,C,D,B,A,2.8184703637022714
B,D,C,E,B,B,18.754084031441856
B,D,D,A,B,B,10.531081328977589
B,D,D,A,B,C,26.92977922969206
B,D,D,A,C,B,8.183656840467531
B,D,D,A,C,C,23.273209575592052
B,D,D,C,A,C,47.89242085630746
B,D,D,C,B,A,5.8783541493133695
B,D,D,C,B,B,18.889867643676677
B,D,D,C,C,B,15.742434312535755
B,D,D,D,B,A,-12.890979089359755
B,D,D,E,A,A,14.316423769591555
B,D,D,E,A,B,26.75621035786941
B,D,D,E,B,B,23.8761262174966
B,D,E,A,A,A,16.942010121819223
B,D,E,A,B,C,28.75658314853379
B,D,E,A,C,D,30.792803939201022
B,D,E,C,C,B,20.083089592078856
B,D,E,E,B,C,45.82661744916975
B,E,A,A,A,A,19.993959833114708
B,E,A,A,A,B,28.00818171151896
B,E,A,A,A,C,48.33996100228463
B,E,A,A,A,D,52.492712278121225
B,E,A,A,B,A,7.566349595678599
B,E,A,A,B,B,15.830869209084998
B,E,A,A,C,A,-4.01603371471929
B,E,A,A,C,D,19.73460879683284
B,E,A,B,A,A,14.525646107504828
B,E,A,B,B,A,12.615322410402095
B,E,A,B,C,B,20.16834405159785
B,E,A,C,A,A,20.274549598983665
B,E,A,C,B,A,13.011815852053196
B,E,A,C,C,B,20.275971145047397
B,E,A,C,C,C,33.199482367882574
B,E,A,D,A,A,22.959386486973468
B,E,A,D,A,B,30.22965363876599
B,E,A,D,A,C,54.66733599150264
B,E,A,D,B,A,12.54231605714422
B,E,A,D,B,B,19.000187216534954
B,E,A,D,C,A,8.533266265166004
B,E,A,D,C,B,16.353416749668035
B,E,A,E,A,A,21.425503610860233
B,E,A,E,A,B,34.618608591676264
B,E,A,E,A,C,60.855165471754866
B,E,A,E,B,A,11.883357998276914
B,E,A,E,B,B,21.923826651653858
B,E,B,A,A,A,14.701035304024728
B,E,B,A,B,A,8.373524619347073
B,E,B,A,B,B,19.947263545802294
B,E,B,A,C,B,15.846781462381356
B,E,B,C,A,C,50.10717477254135
B,E,B,D,A,A,16.790595276691434
B,E,B,E,A,A,24.14398348509297
B,E,B,E,A,B,35.70965144779965
B,E,B,E,A,C,55.82550942968898
B,E,B,E,B,A,10.834570512051496
B,E,C,A,A,A,16.136295655683234
B,E,C,A,A,C,40.949556483416856
B,E,C,A,A,D,48.83010312111753
B,E,C,A,B,A,5.39542308134569
B,E,C,A,B,B,15.040470995609882
B,E,C,A,B,C,26.924387689936324
B,E,C,A,C,A,2.1664710623781818
B,E,C,A,C,B,11.76280452353799
B,E,C,C,A,A,7.22221124355441
B,E,C,C,C,C,11.847610348487187
B,E,C,D,A,B,26.66037851922721
B,E,C,D,B,A,8.561996469689023
B,E,C,D,C,B,12.934507815934074
B,E,C,E,C,A,8.240901621121537
B,E,D,A,A,A,20.9463475178644
B,E,D,A,A,B,31.213967323559245
B,E,D,A,A,D,54.989999286928104
B,E,D,A,B,A,9.736611214040439
B,E,D,A,B,B,19.890069432803053
B,E,D,A,C,A,5.824334348966272
B,E,D,A,C,B,14.21357427916812
B,E,D,B,B,A,13.23294768055507
B,E,D,B,B,B,23.032521521877538
B,E,D,C,A,A,21.298017264226203
B,E,D,C,B,A,13.427782674143755
B,E,D,C,B,B,26.274930518121142
B,E,D,C,B,C,41.639789225212134
B,E,D,C,C,B,20.763425637079962
B,E,D,D,A,A,20.91556495752856
B,E,D,D,B,B,23.12419052766737
B,E,D,D,C,B,17.179455976455134
B,E,D,E,A,B,35.64013265630773
B,E,D,E,B,B,33.43458106925398
B,E,D,E,C,B,25.35297236387973
B,E,E,A,A,A,18.18877066376583
B,E,E,A,A,B,32.960631485230266
B,E,E,A,A,C,41.1619615340266
B,E,E,A,B,A,6.9289283825189045
B,E,E,B,B,B,25.01683658785093
B,E,E,B,C,B,17.318767855944053
B,E,E,C,A,C,50.85596149633071
B,E,E,C,B,B,26.76061225776217
B,E,E,C,B,C,34.21481953158154
B,E,E,C,C,B,21.223190116493512
B,E,E,D,A,A,23.25909883960882
B,E,E,D,A,B,37.37618771613913
B,E,E,D,B,A,14.47351022777193
B,E,E,D,B,B,33.72319347066151
B,E,E,E,A,A,26.53208998069204
B,E,E,E,A,B,41.274716680119035
B,E,E,E,B,A,19.18563197353
B,E,E,E,B,B,29.921522828327
B,E,E,E,C,B,24.429223802494068
C,A,A,A,C,B,5.841654986504508
C,A,A,A,C,D,21.983829223892737
C,A,A,B,A,B,5.8780426029831245
C,A,A,B,A,C,40.870971589974005
C,A,A,B,B,A,6.125659285594463
C,A,A,B,B,B,13.882691154541574
C,A,A,B,B,C,25.476694872567702
C,A,A,B,B,D,29.061928909416427
C,A,A,B,C,B,14.445998881649963
C,A,A,B,C,C,24.12450965414811
C,A,A,C,A,B,17.747460707679643
C,A,A,C,B,A,1.7564446725398986
C,A,A,C,B,C,23.73124973053697
C,A,A,C,B,D,26.427851182223648
C,A,A,C,C,B,10.171820310714512
C,A,A,C,C,C,22.278835712228712
C,A,A,D,A,B,14.245144407241318
C,A,A,D,A,C,37.19213464238347
C,A,A,D,B,B,5.677621508431223
C,A,A,D,B,C,20.53661690159977
C,A,A,D,B,D,25.18941815214512
C,A,A,E,A,C,42.44667162065817
C,A,A,E,B,B,18.584748570934508
C,A,A,E,B,C,25.905506477102605
C,A,A,E,B,D,30.049959794363808
C,A,A,E,C,D,29.311137834643606
C,A,B,A,A,B,10.23307208298285
C,A,B,A,A,C,31.50188699448308
C,A,B,A,B,A,2.058057815432356
C,A,B,A,B,B,6.7071014881323805
C,A,B,A,B,C,19.450591094444988
C,A,B,A,C,B,9.190062329116287
C,A,B,A,C,C,17.547695258246037
C,A,B,A,C,D,22.46145048091027
C,A,B,B,B,B,5.667878888977258
C,A,B,B,C,C,24.80065257134388
C,A,B,C,A,B,6.544645946643324
C,A,B,C,B,B,3.08824795771546
C,A,B,C,B,C,25.325989900594486
C,A,B,C,C,B,0.3176380266993424
C,A,B,C,C,C,23.02762529997104
C,A,B,D,A,A,7.169336151388711
C,A,B,D,A,C,32.561392700421344
C,A,B,D,B,B,1.3149843737792395
C,A,B,D,B,C,21.73521491105849
C,A,B,D,B,D,26.778423303187914
C,A,B,D,C,B,-1.5096916098156392
C,A,B,E,A,A,7.073800722018852
C,A,B,E,B,C,21.951403462966297
C,A,B,E,B,D,26.759237154232693
C,A,B,E,C,B,11.51931465116781
C,A,B,E,C,C,22.0470522089214
C,A,C,A,A,B,14.527618676202117
C,A,C,A,C,B,5.608704395566361
C,A,C,A,C,C,12.207398061638374
C,A,C,A,C,D,21.248509493802786
C,A,C,B,A,B,17.615912210803607
C,A,C,B,B,B,8.6857622881556
C,A,C,B,B,C,20.2249156596021
C,A,C,B,B,D,29.12984558554513
C,A,C,C,A,A,14.340939704516735
C,A,C,C,A,B,9.450983053142767
C,A,C,C,B,B,5.753400966218653
C,A,C,C,B,D,29.941196195272518
C,A,C,C,C,C,19.559905902812076
C,A,C,D,A,A,7.500803742598251
C,A,C,D,A,B,16.706680750983598
C,A,C,D,B,B,10.319307261938317
C,A,C,D,B,C,17.581120861887094
C,A,C,D,B,D,27.643507363871517
C,A,C,E,A,A,14.575744814767212
C,A,C,E,A,B,24.02608596466849
C,A,C,E,A,C,35.05300485703311
C,A,C,E,B,D,30.188483741492625
C,A,C,E,C,C,18.56418811745764
C,A,C,E,C,D,25.86782295267607
C,A,D,A,B,B,7.528486005466513
C,A,D,A,B,C,20.017300648139557
C,A,D,A,B,D,25.554211901163587
C,A,D,A,C,B,6.6775729116464495
C,A,D,A,C,C,17.530122809852994
C,A,D,A,C,D,22.41701819632232
C,A,D,B,A,A,8.961569631148324
C,A,D,B,B,B,14.408335211714244
C,A,D,B,B,C,24.229728786533
C,A,D,B,B,D,28.74570298770853
C,A,D,B,C,B,11.985160465548544
C,A,D,B,C,C,21.593295288294573
C,A,D,C,A,A,9.611990061361102
C,A,D,C,A,B,20.21340084747737
C,A,D,C,A,C,39.26520172641163
C,A,D,C,B,A,5.861989209526569
C,A,D,C,B,B,14.947371465772289
C,A,D,C,B,C,26.29920489822668
C,A,D,C,B,D,29.613223649418963
C,A,D,C,C,B,11.483118220362421
C,A,D,C,C,C,23.30184090607069
C,A,D,C,C,D,25.664713046427412
C,A,D,D,A,A,7.1287700930408135
C,A,D,D,A,B,17.202657782324202
C,A,D,D,A,C,37.21552324444795
C,A,D,D,B,B,9.897268799692137
C,A,D,D,B,C,21.9085529767733
C,A,D,D,B,D,27.26656391202472
C,A,D,E,B,B,23.36652905857117
C,A,D,E,B,C,27.813474338486856
C,A,D,E,B,D,32.12594318385502
C,A,D,E,C,B,20.51404445499585
C,A,D,E,C,C,26.89113631027511
C,A,E,A,A,C,41.39692980484206
C,A,E,A,B,A,6.577330593139241
C,A,E,A,B,B,14.538581141980991
C,A,E,A,B,C,25.69573194904387
C,A,E,A,B,D,29.943830867387558
C,A,E,B,A,A,13.578191500724866
C,A,E,B,A,B,32.762357814259936
C,A,E,B,B,B,25.03177633169548
C,A,E,B,B,C,31.35474784876884
C,A,E,B,C,A,7.923999242931491
C,A,E,B,C,B,19.82454237303802
C,A,E,C,A,A,11.783644296046988
C,A,E,C,A,B,26.712260428174247
C,A,E,D,A,A,12.939148215855393
C,A,E,D,A,B,28.86585474191936
C,A,E,D,A,C,42.75364674416728
C,A,E,D,B,B,21.024701626797565
C,A,E,D,B,C,27.05279372141533
C,A,E,D,C,B,19.47740601600733
C,A,E,D,C,C,25.509508688154906
C,A,E,D,C,D,28.66986322889968
C,A,E,E,A,A,22.78002727864727
C,A,E,E,A,B,31.667747255779762
C,A,E,E,A,C,47.90873781625541
C,A,E,E,A,D,49.64532597438456
C,A,E,E,B,B,30.691117640595703
C,A,E,E,B,C,34.61921605799293
C,A,E,E,B,D,37.83461926751611
C,A,E,E,C,A,14.845505812485024
C,A,E,E,C,B,28.29243565824699
C,A,E,E,C,C,34.31878494576249
C,B,A,A,A,A,-5.657073459761431
C,B,A,A,A,B,7.035596568354943
C,B,A,A,B,B,1.703800616775354
C,B,A,A,B,C,16.039709660869473
C,B,A,A,B,D,21.617678132836037
C,B,A,A,C,C,13.733119416314945
C,B,A,B,A,B,8.844515087550905
C,B,A,C,A,A,-3.4425861680602274
C,B,A,C,B,B,7.942187164420709
C,B,A,C,B,C,20.190864878033448
C,B,A,C,C,C,17.878700948822672
C,B,A,E,A,A,5.34516346599094
C,B,C,A,A,B,7.922261925488327
C,B,C,D,A,A,-3.308076028930259
C,B,D,A,A,B,14.530331299211106
C,B,D,A,C,C,18.20641316411516
C,B,D,E,A,C,36.480999794214135
C,B,E,A,A,A,-2.3442893501674695
C,B,E,B,A,C,29.15988526647584
C,C,A,A,B,A,-8.548785743877474
C,C,A,A,B,B,2.3508538763913087
C,C,A,A,B,C,15.100660788687561
C,C,A,A,B,D,18.749268626252533
C,C,A,B,A,C,29.770087496910552
C,C,A,B,B,C,18.647159172208365
C,C,A,C,A,A,0.284439726712334
C,C,A,C,A,B,13.483612857604358
C,C,A,C,B,A,17.724898354585488
C,C,A,C,B,B,7.180463913764122
C,C,A,C,B,C,17.743154032655667
C,C,A,D,A,A,-1.2717985855206115
C,C,A,D,A,B,11.991701664567607
C,C,A,D,A,C,28.391958398673488
C,C,A,D,B,D,19.110767593613442
C,C,A,D,C,C,14.83605669622074
C,C,A,E,A,A,7.380760765592308
C,C,A,E,A,C,31.926565768394624
C,C,A,E,B,B,10.657144772975084
C,C,A,E,B,C,21.09390221219375
C,C,A,E,B,D,23.867813059789565
C,C,A,E,C,A,25.177836048653283
C,C,B,A,B,B,7.1349652920619855
C,C,B,A,B,C,16.75460264310577
C,C,B,C,B,B,3.2076766304356394
C,C,B,E,A,C,28.33941737774859
C,C,C,A,A,A,0.2943927367266874
C,C,C,A,A,B,12.953714655261813
C,C,C,A,B,B,4.462937724949168
C,C,C,A,B,C,12.352303092474251
C,C,C,D,B,C,15.050314150541176
C,C,C,E,A,A,8.585681256077482
C,C,C,E,A,B,20.891541601836735
C,C,C,E,A,C,29.904333739353213
C,C,D,A,A,A,-0.5047284266706773
C,C,D,A,C,C,12.899832894550581
C,C,D,B,B,B,9.410773652915967
C,C,D,C,A,A,1.235867031501555
C,C,D,D,A,A,-1.7327697992082078
C,C,D,D,A,B,13.467773219995156
C,C,D,D,A,C,28.294149365891837
C,C,D,D,B,B,7.020902718684184
C,C,D,D,B,C,17.191372459051333
C,C,D,E,A,A,5.5541267009664415
C,C,D,E,B,B,17.68128358590706
C,C,D,E,B,C,21.529672328638053
C,C,E,A,A,A,-0.9085283608391967
C,C,E,A,A,B,12.375212496277234
C,C,E,A,B,A,-0.3940562148452775
C,C,E,A,B,B,13.248313238831134
C,C,E,A,B,C,19.409910957030405
C,C,E,C,C,B,14.914442761768615
C,C,E,D,A,A,6.485580184612878
C,C,E,D,B,A,-6.053822586821451
C,C,E,E,A,A,-1.0685050185061429
C,C,E,E,A,B,28.83919598757
C,C,E,E,B,B,22.38900593889207
C,C,E,E,B,C,29.915705328106085
C,D,A,A,A,B,18.310467823419565
C,D,A,A,A,C,37.25007056030593
C,D,A,A,B,B,6.943516903112394
C,D,A,A,B,C,22.171222752326546
C,D,A,A,B,D,28.998651243258227
C,D,A,B,A,A,12.639085360219008
C,D,A,B,B,A,8.02267570284138
C,D,A,B,C,B,15.726117917369983
C,D,A,C,A,B,23.692034609590724
C,D,A,C,B,A,3.6032876143059127
C,D,A,C,C,A,2.4291507967342456
C,D,A,C,C,C,25.477223757279734
C,D,A,D,A,A,12.627494416091304
C,D,A,D,A,B,20.633718433813847
C,D,A,D,A,C,40.0010887484385
C,D,A,D,A,D,44.89455343902671
C,D,A,D,B,A,-0.3971565506970665
C,D,A,D,B,B,9.710619388027665
C,D,A,D,B,C,24.28327262598157
C,D,A,E,A,B,28.19640663059689
C,D,A,E,A,C,45.776948226920965
C,D,A,E,A,D,49.069926554956254
C,D,A,E,B,B,18.85291155887237
C,D,A,E,B,C,32.31646464007811
C,D,A,E,B,D,37.18681015357321
C,D,A,E,C,B,20.193971382832718
C,D,A,E,C,C,33.06359766202099
C,D,B,A,A,A,6.434463566363224
C,D,B,A,B,C,21.793860830564366
C,D,B,A,C,B,8.9021650433169
C,D,B,B,B,B,16.000164409901554
C,D,B,C,B,C,25.64623476669274
C,D,B,D,A,B,15.721686399826787
C,D,B,D,C,A,-1.1625105509469296
C,D,B,E,B,A,5.02446234546532
C,D,C,A,A,A,9.292645476677944
C,D,C,A,A,C,31.834813537099013
C,D,C,A,B,A,-3.427469820422548
C,D,C,A,C,B,6.635084430176812
C,D,C,B,A,B,11.123743039296922
C,D,C,C,B,B,2.977083591800344
C,D,C,C,C,A,-14.331904991114644
C,D,C,D,A,A,11.310565420053868
C,D,C,D,A,B,20.58949041693405
C,D,C,D,A,C,35.55923013118779
C,D,C,D,B,A,0.25928549011270263
C,D,C,E,A,D,45.35475571845336
C,D,C,E,B,B,16.836277084358365
C,D,C,E,B,C,26.43139500534345
C,D,C,E,C,B,16.449908783517007
C,D,D,A,A,A,12.244663945537074
C,D,D,A,A,B,20.98735833864991
C,D,D,A,A,C,39.75755038516192
C,D,D,A,A,D,44.99937674812096
C,D,D,A,B,B,10.658110197746558
C,D,D,A,B,C,24.91972766277445
C,D,D,C,A,B,24.52165520888401
C,D,D,C,B,A,6.7353135126286325
C,D,D,D,A,A,12.282321316886904
C,D,D,D,A,B,21.361135600258514
C,D,D,D,B,B,13.45836538829342
C,D,D,D,B,C,27.34870994247655
C,D,D,E,A,A,22.41087669082344
C,D,D,E,A,B,31.39989448161638
C,D,D,E,A,D,49.69189552136765
C,D,D,E,B,B,24.646259353698234
C,D,D,E,C,B,22.70347844205645
C,D,E,A,A,A,10.489995091366351
C,D,E,A,A,B,20.74373578650624
C,D,E,A,A,C,39.12299394843122
C,D,E,A,B,B,13.860135828312044
C,D,E,A,B,C,26.73165493038496
C,D,E,A,B,D,32.37234146768087
C,D,E,A,C,B,13.698353354271164
C,D,E,A,C,C,25.272556287137828
C,D,E,C,A,A,15.11884573374536
C,D,E,C,B,A,9.482304721054179
C,D,E,C,B,B,21.60514456412848
C,D,E,C,B,C,35.03983542542326
C,D,E,D,B,C,32.758163214680316
C,D,E,D,C,B,22.6513363193467
C,D,E,D,C,C,32.284712627759745
C,E,A,A,A,B,28.839919969759265
C,E,A,A,A,C,47.03653865675486
C,E,A,A,B,B,14.417549114621801
C,E,A,B,A,A,18.952588248614767
C,E,A,B,C,A,9.158396687235417
C,E,A,B,C,B,17.30297466220489
C,E,A,C,A,A,23.82762781931574
C,E,A,C,A,C,49.49286244839861
C,E,A,C,B,A,11.24305580289197
C,E,A,C,C,A,8.569919541890599
C,E,A,C,C,B,17.032509424529938
C,E,A,D,B,A,8.555940697101912
C,E,A,D,B,B,16.576690902493592
C,E,A,D,B,D,24.472711954185968
C,E,A,D,C,B,14.107194866091735
C,E,A,E,A,C,54.02116733239245
C,E,A,E,B,A,15.862566448123848
C,E,A,E,C,B,21.65245229675333
C,E,B,A,A,A,17.815129574716867
C,E,B,A,C,A,8.319706311724289
C,E,B,A,C,B,16.397385807349732
C,E,B,B,A,B,28.57632429253129
C,E,B,C,B,B,24.59371572770881
C,E,B,D,A,A,20.725941379364663
C,E,B,D,A,B,26.80447186051517
C,E,B,D,A,C,45.36057918547686
C,E,B,D,B,A,10.598535771634555
C,E,B,D,C,B,16.099590564725965
C,E,C,A,A,A,18.36667397275349
C,E,C,A,A,C,39.425131414973954
C,E,C,A,B,A,5.076809127709538
C,E,C,A,B,B,13.928574522959911
C,E,C,A,B,C,24.26743294736157
C,E,C,A,C,A,2.0188938476426297
C,E,C,A,C,B,10.107916830908467
C,E,C,B,A,A,17.59162415471451
C,E,C,B,A,C,42.12438486869628
C,E,C,B,B,B,22.22052583650066
C,E,C,C,A,A,27.685419332599626
C,E,C,C,B,B,24.061430512874807
C,E,C,C,C,B,20.089227381833755
C,E,C,D,A,A,19.15570328076182
C,E,C,D,A,B,28.84047405422195
C,E,C,D,A,C,41.5089942767049
C,E,C,D,B,A,7.68615631996412
C,E,C,D,B,B,18.494790841215
C,E,C,D,C,A,4.358963869793399
C,E,C,D,C,B,13.440773101093669
C,E,C,E,B,A,12.925545443331185
C,E,C,E,B,B,22.993052260821447
C,E,C,E,C,B,18.72297767646766
C,E,D,A,A,A,21.494473099086765
C,E,D,A,A,B,30.606334335682412
C,E,D,A,A,C,49.29112912178094
C,E,D,A,B,A,9.02488562769635
C,E,D,A,B,B,17.269556366666883
C,E,D,A,C,A,5.250818497774183
C,E,D,A,C,B,13.49447716732984
C,E,D,B,B,A,12.403219287631645
C,E,D,B,B,B,23.42759124390655
C,E,D,B,C,B,17.59717917588328
C,E,D,C,A,A,23.89372161844277
C,E,D,C,A,B,34.15421392825668
C,E,D,C,A,C,53.32582374869854
C,E,D,C,B,B,25.66061594303093
C,E,D,C,C,A,11.56163254954456
C,E,D,C,C,B,19.64564061711053
C,E,D,C,C,C,34.97402811759047
C,E,D,D,B,A,11.067555090945554
C,E,D,D,B,B,21.389099025952138
C,E,D,D,C,B,15.337554122178929
C,E,D,E,B,A,16.859341085275528
C,E,D,E,B,B,32.017470044867004
C,E,D,E,C,B,26.20715556489686
C,E,E,A,A,A,16.442736367116858
C,E,E,A,A,B,26.35611736376857
C,E,E,A,A,C,41.536687116937905
C,E,E,A,B,A,7.151290547549152
C,E,E,A,B,B,15.914626702020588
C,E,E,B,B,B,24.326556323385855
C,E,E,C,A,A,20.735232597641
C,E,E,C,A,B,29.6859171146622
C,E,E,C,A,C,45.23058582803978
C,E,E,C,C,A,9.00131596459397
C,E,E,C,C,B,17.66588119340108
C,E,E,D,A,A,20.460846299987995
C,E,E,D,A,B,32.37191582939177
C,E,E,D,A,C,43.172024299004974
C,E,E,D,B,A,10.9473940834904
C,E,E,D,B,B,23.680512305087056
C,E,E,D,C,B,19.226873079598235
C,E,E,E,A,A,28.147631212898034
C,E,E,E,A,C,45.80844356668891
C,E,E,E,B,A,16.227167154832376
C,E,E,E,B,B,29.60130283764125
C,E,E,E,C,B,24.66649238194394
D,A,A,A,B,A,8.57488184949764
D,A,A,A,B,B,10.731097027872636
D,A,A,A,C,A,6.367787498412287
D,A,A,A,C,C,20.720325447755663
D,A,A,A,C,D,24.20664222186525
D,A,A,B,A,A,17.522938061979392
D,A,A,B,A,C,46.774952796725216
D,A,A,B,A,D,48.18402020332314
D,A,A,C,B,B,15.624858660348039
D,A,A,C,B,C,29.779126037527803
D,A,A,C,B,D,31.22460828560245
D,A,A,D,A,B,24.294174041958858
D,A,A,D,A,C,47.58797598119528
D,A,A,D,A,D,49.32206815413926
D,A,A,D,C,A,7.611373773701715
D,A,A,D,C,C,25.17897548798409
D,A,A,D,C,D,26.08187404604561
D,A,A,E,B,C,31.177599448078304
D,A,A,E,B,D,32.463713501755855
D,A,A,E,C,A,11.483629198989027
D,A,A,E,C,B,13.478847223364479
D,A,A,E,C,C,28.409194674730482
D,A,A,E,C,D,28.29279777205189
D,A,B,A,A,A,17.673194461297587
D,A,B,A,A,B,24.77773987367829
D,A,B,A,A,C,43.241957280255185
D,A,B,A,A,D,47.28389348651496
D,A,B,A,B,A,12.51320730112898
D,A,B,A,B,B,18.322631938367643
D,A,B,A,B,C,28.979031762455016
D,A,B,A,B,D,32.684221264416664
D,A,B,A,C,A,9.943250518978877
D,A,B,A,C,B,14.060123561366325
D,A,B,A,C,C,24.810188696717855
D,A,B,A,C,D,27.54175914686592
D,A,B,B,A,C,48.5972106823891
D,A,B,B,B,B,25.71154854493712
D,A,B,B,B,C,36.528663870783866
D,A,B,B,B,D,38.93756029620893
D,A,B,B,C,A,12.326487001647608
D,A,B,C,A,B,8.606900121634531
D,A,B,C,A,C,43.740510852220794
D,A,B,C,B,A,-42.90959495549268
D,A,B,C,B,B,4.681022576639236
D,A,B,C,B,C,33.99669663140153
D,A,B,C,C,B,0.8426506272041523
D,A,B,D,A,A,19.95216302781469
D,A,B,D,A,B,24.87432756322262
D,A,B,D,A,D,48.141583720393896
D,A,B,D,B,A,15.15413301100741
D,A,B,D,B,B,20.573984740257288
D,A,B,D,B,C,33.16286479774413
D,A,B,D,C,B,1.9094513703566596
D,A,B,D,C,C,28.487118704597467
D,A,B,E,A,A,21.967828865785407
D,A,B,E,A,B,27.62211990052354
D,A,B,E,A,D,46.185171585230435
D,A,B,E,B,A,15.638579737471707
D,A,B,E,B,B,20.340966266491925
D,A,B,E,B,C,33.42378019602273
D,A,B,E,B,D,35.183559755092205
D,A,B,E,C,C,29.761136164487915
D,A,C,A,A,B,23.89233419585605
D,A,C,A,A,C,40.202024499829676
D,A,C,A,A,D,46.88350796575833
D,A,C,A,B,B,14.536246802384536
D,A,C,A,B,C,23.39785473356833
D,A,C,A,B,D,30.785567970923616
D,A,C,A,C,A,6.3609798525818135
D,A,C,A,C,B,10.410453775388618
D,A,C,A,C,C,19.269366773384327
D,A,C,A,C,D,25.49065105867391
D,A,C,B,A,A,16.853707596480767
D,A,C,B,A,B,27.709240402177144
D,A,C,B,A,C,42.064738397377035
D,A,C,B,B,B,19.4927188024527
D,A,C,B,B,C,27.6948675970404
D,A,C,B,B,D,34.11264499070863
D,A,C,C,A,B,13.545652962106493
D,A,C,C,A,C,42.793833856874684
D,A,C,C,A,D,48.30362699278739
D,A,C,C,B,A,-4.1038767942041785
D,A,C,C,C,B,2.490777842273359
D,A,C,C,C,C,25.77492191150496
D,A,C,C,C,D,30.816109077373195
D,A,C,D,A,A,21.11287599341764
D,A,C,D,A,B,26.01268378100804
D,A,C,D,A,C,43.89521130795887
D,A,C,E,A,A,24.554021277749854
D,A,C,E,A,D,47.00170091024096
D,A,C,E,B,A,14.313408707843545
D,A,C,E,B,B,20.89822156171492
D,A,C,E,B,C,27.44430059454184
D,A,C,E,B,D,33.64869513975497
D,A,C,E,C,D,28.033371371808467
D,A,D,A,A,B,24.984781005291328
D,A,D,A,A,C,44.688109649592114
D,A,D,A,A,D,48.34056188203167
D,A,D,A,B,B,13.730328713400073
D,A,D,A,B,C,26.180006971795365
D,A,D,A,B,D,23.9856930049566
D,A,D,A,C,A,5.3068186030187565
D,A,D,A,C,B,9.041829543245424
D,A,D,A,C,C,21.65786487885593
D,A,D,A,C,D,24.15864172106563
D,A,D,B,A,B,18.66778899110629
D,A,D,B,B,A,9.386611846968991
D,A,D,B,B,B,18.63520837364218
D,A,D,B,B,C,30.282806015735307
D,A,D,B,B,D,33.172423308061106
D,A,D,C,A,A,19.360126201064595
D,A,D,C,A,B,25.978459777463232
D,A,D,C,A,C,45.57911736834645
D,A,D,C,A,D,47.98785505635334
D,A,D,C,B,A,12.497489861785235
D,A,D,C,B,B,20.200144126734394
D,A,D,C,B,C,32.235666947534696
D,A,D,C,B,D,34.5614797696735
D,A,D,D,B,A,11.572779862042267
D,A,D,D,B,B,17.21042958996668
D,A,D,D,B,C,29.642502032750112
D,A,D,D,B,D,32.53531645476159
D,A,D,E,C,A,13.022126392650154
D,A,D,E,C,B,19.80396737902392
D,A,D,E,C,C,28.776786714992863
D,A,D,E,C,D,28.708009234352822
D,A,E,A,B,B,17.601193404511378
D,A,E,A,B,C,29.470799279000047
D,A,E,A,B,D,32.353000013967296
D,A,E,A,C,A,11.67540543701459
D,A,E,A,C,C,25.607739458010712
D,A,E,A,C,D,27.82358080619113
D,A,E,B,A,A,25.087771492137488
D,A,E,B,A,B,29.867013786552306
D,A,E,B,A,C,42.469252300677
D,A,E,B,B,A,12.972333109887565
D,A,E,B,B,B,25.38516851627258
D,A,E,B,B,C,35.51716078876265
D,A,E,B,B,D,31.23302881768856
D,A,E,B,C,A,10.4406320083093
D,A,E,B,C,C,31.693623717626355
D,A,E,C,B,A,16.02914122624712
D,A,E,C,B,D,37.8717388509869
D,A,E,C,C,A,12.683890047443173
D,A,E,C,C,C,31.402326891618905
D,A,E,C,C,D,32.43211578423696
D,A,E,D,A,A,24.34047887952003
D,A,E,D,A,B,35.235326022107955
D,A,E,D,A,C,49.79440730021186
D,A,E,D,A,D,51.79490790246178
D,A,E,D,B,A,16.919586809500288
D,A,E,D,B,B,24.947092039077052
D,A,E,D,B,C,32.440802366530924
D,A,E,D,B,D,35.08618319647211
D,A,E,D,C,A,13.67705895122558
D,A,E,D,C,B,20.025258217347556
D,A,E,D,C,C,28.15475059888699
D,A,E,D,C,D,29.822681454379808
D,A,E,E,A,A,29.79685658101457
D,A,E,E,A,B,39.107866333717226
D,A,E,E,A,C,51.34998768219195
D,A,E,E,A,D,50.74062519995266
D,A,E,E,B,A,19.84564517639669
D,A,E,E,B,B,30.01803843309784
D,A,E,E,B,C,35.36654918304449
D,A,E,E,B,D,37.27550099903103
D,A,E,E,C,A,11.682016099739391
D,A,E,E,C,C,32.35416117437852
D,A,E,E,C,D,32.01529699017315
D,B,A,A,A,A,8.248093192489392
D,B,A,A,A,B,15.703108851216145
D,B,A,A,A,C,39.28885555710715
D,B,A,A,B,A,0.2775053631356288
D,B,A,A,B,B,9.11322192982528
D,B,A,A,B,C,28.34336743331216
D,B,A,B,A,A,1.4190239036279453
D,B,A,B,A,B,15.815076903399873
D,B,A,B,C,B,10.869762203939263
D,B,A,C,B,D,35.372134422195685
D,B,A,D,B,B,13.690676115994279
D,B,A,D,B,D,35.567906922759406
D,B,A,E,A,B,25.04178339532485
D,B,A,E,A,C,44.87550989985035
D,B,B,C,A,A,15.122952809475743
D,B,C,A,B,A,4.377749636555503
D,B,C,A,B,B,16.275222490763518
D,B,C,A,B,C,29.44317051099315
D,B,C,A,C,C,25.9169486912472
D,B,C,C,B,B,9.014713796442155
D,B,C,C,B,C,33.868672184422465
D,B,C,D,A,C,42.61271265968431
D,B,C,E,A,A,17.376714698559635
D,B,C,E,A,B,27.11385488407516
D,B,D,A,A,C,34.472795141741564
D,B,D,A,B,B,15.565480743258624
D,B,D,A,B,C,33.00588081852693
D,B,D,A,C,A,5.979621297355276
D,B,D,C,A,A,-0.9516615528077901
D,B,D,C,A,C,41.766710651586216
D,B,D,C,B,C,35.61176238154676
D,B,D,D,A,A,7.203323722179565
D,B,D,E,A,B,33.196004103994674
D,B,D,E,A,C,51.977191370709676
D,B,D,E,B,B,28.281604157890488
D,B,D,E,B,C,43.24216970970669
D,B,D,E,B,D,45.129948382277796
D,B,E,A,A,A,11.231619822736596
D,B,E,A,A,D,42.863530840786254
D,B,E,A,B,B,14.81462310689538
D,B,E,E,A,A,15.123578334880154
D,B,E,E,A,B,30.801332853805924
D,B,E,E,A,C,43.913489844054325
D,B,E,E,A,D,44.15436665230942
D,C,A,A,A,A,11.57808234473815
D,C,A,A,A,B,19.458956995821733
D,C,A,A,A,C,40.93659033730536
D,C,A,A,A,D,43.10691559090925
D,C,A,A,B,D,29.39895169535657
D,C,A,B,A,B,19.787738429680907
D,C,A,B,A,C,40.06578746596899
D,C,A,B,B,A,2.474051382966996
D,C,A,B,B,C,29.67442901347861
D,C,A,B,B,D,31.32200322070589
D,C,A,B,C,C,26.81116714757939
D,C,A,C,A,A,11.000210490415306
D,C,A,C,B,A,1.7326194604511165
D,C,A,C,B,C,30.329545967753624
D,C,A,C,B,D,31.71436175700234
D,C,A,C,C,B,12.621869213062894
D,C,A,C,C,C,27.597965213773524
D,C,A,D,B,B,13.792189973048108
D,C,A,D,B,C,31.018680396186447
D,C,A,D,B,D,32.96009998088212
D,C,A,E,A,B,24.759915950115303
D,C,A,E,A,C,45.9985319180196
D,C,A,E,A,D,45.328190310758075
D,C,A,E,B,B,17.92136452990713
D,C,A,E,B,C,35.028347405488915
D,C,A,E,B,D,35.11441748020069
D,C,A,E,C,D,30.692265579445305
D,C,B,A,A,A,9.346883737138779
D,C,B,A,A,C,42.42735071384614
D,C,B,A,A,D,44.50610234636935
D,C,B,A,B,B,18.517626188371025
D,C,B,A,C,A,4.763231060589659
D,C,B,A,C,B,14.647069406826935
D,C,B,A,C,C,28.70403170566906
D,C,B,C,A,C,41.54882791209781
D,C,B,C,B,B,6.4054259669359075
D,C,B,C,C,B,3.0435619909254075
D,C,B,D,A,B,23.99591428528832
D,C,B,E,A,A,17.700553754152782
D,C,B,E,A,B,26.56176494148671
D,C,B,E,A,C,43.76228500895503
D,C,B,E,B,B,20.637050015045627
D,C,B,E,B,C,36.06679181725713
D,C,C,A,A,A,13.277147138516224
D,C,C,A,A,C,39.42577544085236
D,C,C,A,B,A,0.7197722719945758
D,C,C,A,C,B,11.65584819793708
D,C,C,B,C,B,16.540000425140974
D,C,C,C,A,B,13.377662083154636
D,C,C,C,B,A,-13.929107421218367
D,C,C,C,C,B,3.289200047920129
D,C,C,D,A,B,25.34107794923309
D,C,C,D,B,B,19.28529562847459
D,C,C,D,C,D,31.85462471917985
D,C,C,E,A,A,18.779018309438648
D,C,C,E,A,B,27.92540630229033
D,C,C,E,A,C,43.61246300052443
D,C,C,E,B,C,32.701635276438104
D,C,C,E,B,D,35.934455572039354
D,C,D,A,A,B,21.785403041975737
D,C,D,A,B,C,28.18019905825111
D,C,D,A,B,D,30.464406958534703
D,C,D,A,C,A,-4.645592277007993
D,C,D,B,A,B,20.372587052384496
D,C,D,B,A,C,39.99290129793097
D,C,D,B,B,C,30.185465668565868
D,C,D,C,A,A,11.406959091369824
D,C,D,C,B,A,3.984688253255848
D,C,D,C,B,B,18.978864609144736
D,C,D,C,B,C,33.30281030620492
D,C,D,C,C,C,29.724857753914204
D,C,D,D,A,A,11.341628161367366
D,C,D,D,A,B,22.03678672349196
D,C,D,D,A,C,43.51407639703973
D,C,D,D,A,D,45.39269813856985
D,C,D,E,A,D,45.900297144390535
D,C,D,E,C,C,32.110389581422076
D,C,D,E,C,D,30.84677893746736
D,C,E,A,A,A,8.649933150287824
D,C,E,A,A,B,26.276695665709386
D,C,E,A,C,B,14.084731103342564
D,C,E,B,A,B,31.374758423196134
D,C,E,B,B,B,21.366417338800094
D,C,E,C,A,A,9.26798151894934
D,C,E,C,A,B,27.601270517010498
D,C,E,C,B,A,2.6207410507818185
D,C,E,C,B,B,23.26262703562653
D,C,E,C,B,C,33.024897781162025
D,C,E,C,C,C,26.923015748697964
D,C,E,D,A,A,13.513383493110199
D,C,E,D,A,C,47.8955829001229
D,C,E,D,B,A,5.046146479163047
D,C,E,D,B,C,36.29185634976189
D,C,E,E,A,A,15.720056307885866
D,C,E,E,A,B,36.72827981049512
D,C,E,E,A,C,48.83885008656472
D,C,E,E,A,D,50.75472963928826
D,C,E,E,B,B,29.461575421907753
D,C,E,E,B,C,32.28556926207856
D,C,E,E,B,D,40.760596154852344
D,C,E,E,C,B,24.093803133964983
D,D,A,A,B,B,17.693424712847733
D,D,A,A,B,C,31.674201181088442
D,D,A,B,A,D,54.036277689325246
D,D,A,B,B,D,42.401317741153996
D,D,A,B,C,C,35.545413725329205
D,D,A,B,C,D,38.84108634713017
D,D,A,C,A,A,29.294848865645065
D,D,A,C,A,B,34.08903992129725
D,D,A,C,A,C,50.443283309590036
D,D,A,C,C,A,20.328415004785487
D,D,A,C,C,B,20.948042362690746
D,D,A,C,C,D,37.64569798608316
D,D,A,D,B,B,20.22785380784285
D,D,A,D,B,C,34.42532791949422
D,D,A,D,C,B,16.811187406383812
D,D,A,D,C,C,31.20778534227798
D,D,A,E,A,A,34.80580368776393
D,D,A,E,A,B,40.517090866635385
D,D,A,E,A,C,53.87411061257922
D,D,A,E,A,D,54.926477505366584
D,D,A,E,B,A,25.327586847560035
D,D,A,E,B,B,26.96957485617259
D,D,A,E,B,C,38.35639324656044
D,D,B,A,A,A,21.4710936175757
D,D,B,A,A,B,30.313018989705306
D,D,B,A,A,C,47.80484118192536
D,D,B,A,B,A,17.513812354756148
D,D,B,A,B,C,36.28860258407164
D,D,B,C,B,A,11.610448411029381
D,D,B,D,A,C,51.81785442312204
D,D,B,D,A,D,59.93516337121477
D,D,B,E,A,B,38.21445873636307
D,D,B,E,A,C,52.397824137254894
D,D,C,A,C,A,15.614088427708392
D,D,C,A,C,B,15.563756307488742
D,D,C,A,C,C,27.217094802179734
D,D,C,A,C,D,33.410337794832714
D,D,C,B,A,D,54.128332363453616
D,D,C,C,A,A,30.33699382682002
D,D,C,C,A,B,37.30981865033607
D,D,C,C,B,B,31.2829608257338
D,D,C,C,B,C,39.11387353381947
D,D,C,C,C,B,27.234241191447808
D,D,C,D,B,A,20.879363263834872
D,D,C,D,B,B,24.66775073657157
D,D,C,D,B,C,30.70588619060513
D,D,C,D,B,D,44.330649199566935
D,D,C,E,A,A,33.38786583522234
D,D,C,E,A,B,36.44402063216355
D,D,C,E,A,C,49.77468054900381
D,D,C,E,B,D,42.71725108620213
D,D,C,E,C,A,23.143994151459765
D,D,C,E,C,B,19.785091282591306
D,D,C,E,C,C,35.406988542561436
D,D,C,E,C,D,38.771770017212994
D,D,D,A,A,C,48.95617640121497
D,D,D,A,A,D,52.81749435587646
D,D,D,A,B,B,19.256842047672
D,D,D,A,B,D,36.51319893361492
D,D,D,A,C,A,16.32671469823302
D,D,D,A,C,B,14.917116896335433
D,D,D,A,C,C,28.07110299151072
D,D,D,B,B,A,20.26439818403953
D,D,D,B,C,A,18.816307311287254
D,D,D,B,C,C,36.454286879124325
D,D,D,B,C,D,39.59256414090484
D,D,D,C,A,A,29.08400657426669
D,D,D,C,A,B,34.89089394201893
D,D,D,C,A,C,53.010302373357604
D,D,D,C,C,B,22.654226821917273
D,D,D,D,A,A,30.795306635721545
D,D,D,D,A,B,35.05353838663943
D,D,D,D,A,C,49.36264111268128
D,D,D,D,A,D,56.02696517885049
D,D,D,D,B,B,24.715465546288943
D,D,D,D,C,A,21.378613242965084
D,D,D,D,C,B,19.31639325015795
D,D,D,E,A,A,38.150295360723625
D,D,D,E,A,B,42.58764657296175
D,D,D,E,A,C,56.48249182613839
D,D,D,E,A,D,56.542988782693385
D,D,D,E,C,A,26.812816053856892
D,D,D,E,C,B,25.02457793251091
D,D,E,A,A,A,28.22513331354431
D,D,E,A,A,B,37.793401639667145
D,D,E,A,A,C,49.07708706528504
D,D,E,A,A,D,53.0560118817243
D,D,E,A,B,A,15.441814321484785
D,D,E,A,C,A,16.740568391289283
D,D,E,A,C,B,17.865434980720124
D,D,E,B,C,D,37.52492324939404
D,D,E,C,A,A,30.108593167552648
D,D,E,C,A,B,40.70394304134491
D,D,E,C,A,C,55.05726803318137
D,D,E,C,A,D,58.88401682496802
D,D,E,C,B,C,44.369916008743495
D,D,E,C,B,D,48.136536052901704
D,D,E,C,C,A,22.64887554138318
D,D,E,C,C,B,26.583880036552486
D,D,E,C,C,C,41.15175718466677
D,D,E,D,C,B,25.700781741440363
D,D,E,E,C,A,28.28679557202645
D,E,A,A,A,A,33.68802521861661
D,E,A,A,A,B,37.62059754211364
D,E,A,A,B,A,22.14471106302371
D,E,A,B,B,A,25.62784295752988
D,E,A,B,C,A,22.222702193284725
D,E,A,C,A,A,33.95100390939191
D,E,A,C,A,B,39.83489996184935
D,E,A,C,A,D,50.77627943958129
D,E,A,C,B,A,25.90383330215149
D,E,A,C,C,A,22.39649697722628
D,E,A,C,C,B,14.634490926239556
D,E,A,D,A,A,35.631480015793294
D,E,A,E,A,A,40.49144142149386
D,E,A,E,A,B,46.15659379577904
D,E,A,E,B,A,22.925613084747802
D,E,B,A,B,A,25.32467295546671
D,E,B,B,A,C,62.23649710256461
D,E,B,D,B,A,33.4326943459235
D,E,B,D,C,A,25.995794260696073
D,E,C,A,A,A,31.009601085605553
D,E,C,A,A,B,36.785044197805775
D,E,C,A,A,D,46.975734155736845
D,E,C,A,B,A,21.15736003476123
D,E,C,A,C,B,9.737800929444496
D,E,C,B,A,A,28.56229143311697
D,E,C,B,C,B,26.95599695138363
D,E,C,C,A,B,41.336906843213676
D,E,C,C,B,B,35.32201738509673
D,E,C,C,C,A,24.4850850731641
D,E,C,D,A,A,33.61836119635821
D,E,C,E,A,A,38.16512956843
D,E,C,E,A,B,42.743806194360815
D,E,D,B,A,A,29.01219142736415
D,E,D,B,A,B,38.53098830972522
D,E,D,B,B,A,24.042542840757665
D,E,D,C,A,A,33.76107105137386
D,E,D,C,C,A,22.8026320414295
D,E,D,D,A,A,34.07585062618218
D,E,D,D,A,B,40.42318450185081
D,E,D,D,B,A,27.78656078015373
D,E,D,D,C,A,22.857616072637114
D,E,D,E,A,A,41.09550153513526
D,E,E,A,B,A,20.21715605399529
D,E,E,A,B,B,11.567055890738215
D,E,E,B,A,A,29.644334166399066
D,E,E,B,A,B,43.40575171340909
D,E,E,C,A,A,31.35527434118557
D,E,E,C,A,B,36.971412293980606
D,E,E,C,B,A,26.72983390600439
D,E,E,C,B,B,29.49372892794705
D,E,E,D,A,A,33.124175700998684
D,E,E,D,C,A,23.832361123358048
D,E,E,E,A,A,35.977686573633854
D,E,E,E,A,B,40.05213631349943
D,E,E,E,B,A,28.853484006141056
E,A,A,A,B,A,-0.8684907616686961
E,A,A,A,C,A,12.451071887661653
E,A,A,B,C,D,15.572677323294975
E,A,A,C,A,A,27.303499383825912
E,A,A,C,A,C,50.44084026037819
E,A,A,C,A,D,52.951201492608824
E,A,A,C,B,B,18.449095037774235
E,A,A,D,A,A,28.283703539692656
E,A,A,D,A,C,51.70108291475661
E,A,A,D,B,B,7.980793273555037
E,A,A,D,C,A,-6.604142116766885
E,A,A,E,A,A,32.774534796726996
E,A,A,E,A,B,35.12672802963573
E,A,B,A,A,B,29.254725760347466
E,A,B,A,A,C,46.89598570598242
E,A,B,A,A,D,50.96877556717396
E,A,B,A,B,A,15.373213211055985
E,A,B,A,B,B,18.356595567353583
E,A,B,A,C,A,13.981591380860266
E,A,B,B,A,A,24.36469593638176
E,A,B,B,A,B,32.181581090763885
E,A,B,B,A,C,46.9015572250076
E,A,B,B,A,D,52.799629072548846
E,A,B,B,B,A,-10.456795424255292
E,A,B,B,C,A,6.595308544318278
E,A,B,C,A,A,24.233125079138322
E,A,B,C,A,B,28.616886663834794
E,A,B,C,B,B,23.33985275642519
E,A,B,D,A,B,28.359852489398648
E,A,B,D,A,C,48.781905063837826
E,A,B,D,A,D,51.224338366302916
E,A,B,D,B,B,21.87697720290565
E,A,B,D,C,A,14.695198981819965
E,A,B,D,C,B,16.321930027726115
E,A,B,E,A,A,34.35098706292922
E,A,B,E,A,B,34.293565456313246
E,A,B,E,B,A,15.071104882453387
E,A,C,A,A,C,45.00400417657676
E,A,C,A,A,D,50.979483740984875
E,A,C,A,B,A,12.128426742469387
E,A,C,A,B,B,14.647157064664993
E,A,C,A,C,A,12.565399722808905
E,A,C,A,C,B,12.676390931875273
E,A,C,B,A,A,20.32899361379879
E,A,C,B,A,B,32.26697311668602
E,A,C,B,B,B,23.84967440400293
E,A,C,B,C,B,21.12410473084478
E,A,C,C,A,A,-11.763867146240091
E,A,C,C,A,B,31.04421438628006
E,A,C,C,A,C,45.60189631453081
E,A,C,C,A,D,51.207680718234975
E,A,C,C,B,A,-3.2248143751295046
E,A,C,C,B,B,24.053928321176077
E,A,C,C,C,A,-7.953008208741398
E,A,C,C,C,B,18.569122356122858
E,A,C,D,A,A,27.18702936032716
E,A,C,D,A,B,30.28295813019361
E,A,C,D,A,C,48.04587193434964
E,A,C,D,A,D,53.00969208580598
E,A,C,D,B,A,15.409401615730875
E,A,C,D,B,B,20.028813818041566
E,A,C,D,C,A,13.982798409967964
E,A,C,D,C,B,14.318384995315522
E,A,C,E,A,A,36.73248344447745
E,A,C,E,A,B,36.48840584785358
E,A,D,B,A,A,25.20152523088653
E,A,D,B,A,B,32.52813149379701
E,A,D,C,B,A,14.680501666506698
E,A,D,C,B,B,20.71659773286304
E,A,D,C,C,A,12.297782157677307
E,A,D,D,B,B,18.103488148289333
E,A,D,D,C,B,11.704159290530633
E,A,D,E,A,A,37.01509151873442
E,A,D,E,A,B,43.442280075828045
E,A,E,A,A,A,31.549067670406927
E,A,E,A,B,A,17.439661543003528
E,A,E,B,A,A,30.153134421367486
E,A,E,B,A,C,57.27032992762806
E,A,E,C,A,A,27.597478110165767
E,A,E,C,A,B,36.977863407545854
E,A,E,C,A,C,53.56477645333611
E,A,E,C,A,D,56.12772055054632
E,A,E,C,B,A,18.240287428877906
E,A,E,C,B,B,26.14591612243535
E,A,E,C,C,A,17.01290115166482
E,A,E,C,C,B,21.37537119432961
E,A,E,D,A,A,32.32045688319573
E,A,E,D,A,B,41.95042104090701
E,A,E,D,A,C,54.98384301720075
E,A,E,D,A,D,57.114262149916364
E,A,E,D,C,A,17.665177468474358
E,A,E,E,A,A,34.11146061266315
E,A,E,E,A,B,44.10399201616696
E,B,A,A,A,A,20.848058553041533
E,B,A,A,C,B,16.8531970811419
E,B,A,B,A,A,13.428217482109725
E,B,A,C,A,A,19.643948349161715
E,B,A,C,B,A,11.258193395607258
E,B,A,C,B,B,23.003181314394997
E,B,A,C,B,C,37.60329462973978
E,B,A,C,C,B,20.40952905916385
E,B,A,C,C,C,34.23129945170621
E,B,A,D,A,A,20.559693061493093
E,B,A,D,A,C,51.03784336928916
E,B,A,D,B,B,24.393427290779446
E,B,A,E,B,B,24.190675300192108
E,B,A,E,C,B,21.751816434138323
E,B,A,E,C,C,34.2493034260752
E,B,B,A,A,A,13.457441617347708
E,B,B,A,A,C,50.504108359351825
E,B,B,A,B,B,26.55611941930124
E,B,B,A,B,C,40.89825349579935
E,B,B,C,A,C,44.67304309817477
E,B,B,D,B,B,25.026386596690177
E,B,B,E,A,A,17.68602726024279
E,B,B,E,A,B,38.38110539708715
E,B,C,A,A,A,16.9616889257771
E,B,C,A,A,B,24.77892911413713
E,B,C,A,A,C,46.019794970012256
E,B,C,A,B,A,11.86196268901742
E,B,C,A,B,B,22.003411868715926
E,B,C,A,B,C,34.03486348257676
E,B,C,A,C,B,18.427182673784994
E,B,C,C,B,B,26.36049903288726
E,B,C,C,B,C,36.464228934130546
E,B,C,D,A,A,17.123964492272002
E,B,C,D,A,C,47.945250565866715
E,B,C,D,B,B,25.451741527103604
E,B,C,D,C,B,20.214333704784934
E,B,C,E,A,A,28.575393983157692
E,B,C,E,B,B,30.365496114446263
E,B,D,A,A,A,23.26101144910927
E,B,D,A,A,B,32.64486367760108
E,B,D,A,B,B,25.22724928752924
E,B,D,B,A,B,27.36484529581793
E,B,D,C,A,A,17.893375970831016
E,B,D,C,A,B,23.128951612755948
E,B,D,C,B,B,23.97344649859611
E,B,D,C,C,B,18.952880165643016
E,B,D,D,B,A,12.838787310424705
E,B,D,D,C,B,20.545552769599823
E,B,E,A,A,B,31.926798548819946
E,B,E,A,A,C,47.48790695297318
E,B,E,A,A,D,51.17812905199545
E,B,E,A,B,B,34.13902522069911
E,B,E,A,C,B,31.76819766288104
E,B,E,C,A,A,16.731294640260803
E,B,E,C,A,D,47.25817344571926
E,B,E,D,A,A,30.08599617858555
E,B,E,D,B,A,20.788019763105584
E,B,E,E,A,A,29.90764590762429
E,B,E,E,C,B,37.019255877674816
E,C,A,A,A,A,23.54464604511167
E,C,A,A,A,B,29.924186985569378
E,C,A,A,A,C,49.79324840300394
E,C,A,A,A,D,51.73038822985937
E,C,A,A,C,B,-10.091440513790053
E,C,A,B,A,A,16.90625099542384
E,C,A,B,A,B,28.18092346951499
E,C,A,B,B,A,6.227348724369862
E,C,A,B,B,B,22.422004051917234
E,C,A,B,C,B,19.221582864089196
E,C,A,C,A,A,21.258255555360343
E,C,A,C,A,B,29.052328943425003
E,C,A,C,A,C,48.141453509097396
E,C,A,C,B,B,20.058107428908567
E,C,A,C,C,B,17.96487578151795
E,C,A,C,C,D,22.70030916884966
E,C,A,D,A,A,21.685315834314494
E,C,A,D,A,C,50.97788618567056
E,C,A,D,A,D,52.589193488980605
E,C,A,D,B,B,19.666298887762427
E,C,A,D,C,B,17.800044874033254
E,C,A,E,B,B,21.567872103830986
E,C,B,A,A,A,18.981175954587464
E,C,B,A,A,C,48.19423520853537
E,C,B,A,A,D,50.352287320594776
E,C,B,A,B,A,11.986786961708734
E,C,B,A,B,B,21.95096675381497
E,C,B,A,C,D,33.48028546877115
E,C,B,B,A,B,29.717818383526826
E,C,B,B,B,C,37.841397973256726
E,C,B,C,A,B,27.13890105985277
E,C,B,C,A,C,45.20228938615586
E,C,B,C,B,B,22.96161413507875
E,C,B,C,C,B,19.1838290492328
E,C,B,D,A,A,21.560641592322693
E,C,B,D,A,B,27.698994407245035
E,C,B,D,B,B,24.3691075924539
E,C,B,D,B,D,39.06261339305825
E,C,B,E,A,A,30.448073024543085
E,C,B,E,A,B,35.38457187432332
E,C,B,E,B,A,15.825257701806931
E,C,C,A,B,A,8.700796789604896
E,C,C,B,B,B,23.02364662627745
E,C,C,C,A,B,31.789755296343927
E,C,C,C,B,B,24.555598129520522
E,C,C,C,B,C,33.86560048337928
E,C,C,D,A,A,22.149632862503985
E,C,C,D,A,B,31.50478026875785
E,C,C,D,A,C,49.789757343999966
E,C,C,D,B,A,12.214566529722068
E,C,C,D,B,B,22.99651177464622
E,C,C,D,C,A,11.272977890954799
E,C,C,D,C,B,19.361393485540173
E,C,C,E,A,B,38.05513265823269
E,C,D,A,A,C,48.762855701651155
E,C,D,A,B,A,8.900280961996556
E,C,D,A,B,B,18.796888574745
E,C,D,A,C,B,14.623268406736535
E,C,D,B,B,A,8.42110408916854
E,C,D,B,B,B,21.128302021392752
E,C,D,C,B,A,9.014753301576974
E,C,D,C,B,B,20.97826482536732
E,C,D,C,C,A,7.95906380522668
E,C,D,C,C,B,16.948151851092966
E,C,D,D,A,A,21.063849485925502
E,C,D,D,A,B,29.91788331963076
E,C,D,D,A,C,49.36677312757615
E,C,D,D,A,D,51.822480667582646
E,C,D,D,B,B,21.43751327181153
E,C,D,D,B,C,24.620935720195323
E,C,D,E,B,A,13.281826090671716
E,C,D,E,B,B,33.687598713351264
E,C,E,A,A,A,23.227450767357467
E,C,E,A,A,B,36.25458868761436
E,C,E,A,A,C,51.1715099951369
E,C,E,A,A,D,53.59889735564762
E,C,E,A,B,A,13.872315945356336
E,C,E,A,C,B,18.836028743744546
E,C,E,B,A,A,18.12725496195325
E,C,E,B,B,B,27.08466360470193
E,C,E,C,A,A,20.709463331461148
E,C,E,C,A,B,34.38931722785968
E,C,E,C,A,C,51.557438846031154
E,C,E,C,C,A,10.577133567543642
E,C,E,D,A,A,26.52000264716685
E,C,E,D,A,C,55.71188100461502
E,C,E,D,A,D,58.19401158111333
E,C,E,D,B,B,31.960761007787852
E,C,E,D,C,B,28.20235660687459
E,C,E,E,A,A,28.73382003049539
E,C,E,E,A,D,55.065509748126686
E,C,E,E,B,A,16.547366265736606
E,C,E,E,B,B,38.18591044531205
E,C,E,E,C,D,23.75576964397316
E,D,A,B,A,A,40.16652662986044
E,D,A,B,A,B,40.12209193256899
E,D,A,C,B,A,26.195546393971057
E,D,A,C,C,A,14.121809274340725
E,D,A,D,A,A,37.426306778522495
E,D,A,E,C,B,8.032006590573834
E,D,B,A,A,A,30.87487950241591
E,D,B,A,B,A,23.28315561043931
E,D,B,D,A,A,30.372037524135752
E,D,B,D,A,B,35.983347053238674
E,D,B,D,B,A,23.45464037809943
E,D,B,D,B,B,27.712076896015617
E,D,B,D,C,A,22.720400314343987
E,D,B,D,C,B,23.347327096624056
E,D,B,E,A,A,36.953397478635104
E,D,C,A,A,B,35.5135331923155
E,D,C,A,A,D,48.14917514821429
E,D,C,A,B,A,21.008727403520684
E,D,C,A,C,B,11.777587533141107
E,D,C,B,A,B,41.82000744179384
E,D,C,B,B,A,19.08769139296521
E,D,C,C,A,B,41.221989448836055
E,D,C,D,B,A,24.39688601666184
E,D,C,D,B,B,27.6834183874192
E,D,C,E,B,A,15.825844028760965
E,D,D,C,A,C,50.16904859596224
E,D,D,E,A,B,44.20772613027895
E,D,E,A,A,A,38.59345795870637
E,D,E,A,A,B,44.79253877296291
E,D,E,A,A,C,47.14663494111017
E,D,E,C,A,A,37.772775441990674
E,D,E,C,A,B,46.17914657198325
E,D,E,C,B,A,16.996378218004462
E,D,E,C,C,A,29.945619464667484
E,D,E,D,A,B,49.565848714368975
E,D,E,E,A,A,44.26437801234229
E,D,E,E,A,B,49.79795953343944
E,E,A,C,A,A,40.55624021017286
E,E,A,C,A,B,44.75455235285
E,E,A,D,A,A,40.09064784079081
E,E,A,D,A,B,43.330554040938495
E,E,A,E,A,A,42.249295624300814
E,E,A,E,A,B,47.068407199558365
E,E,B,A,A,A,36.20403446418234
E,E,B,A,A,B,43.171592880815496
E,E,B,B,A,A,30.867552531265332
E,E,B,B,B,B,24.24020535508005
E,E,B,C,A,D,65.467572375783
E,E,B,C,B,A,31.21507026998968
E,E,B,C,B,B,35.0252975200382
E,E,B,E,A,B,50.34703237897118
E,E,C,A,B,A,22.952089365542463
E,E,C,C,A,A,38.44102626767251
E,E,C,C,A,B,40.571603660041156
E,E,C,C,B,A,27.62800543283862
E,E,C,C,C,B,27.361551152963504
E,E,C,D,A,A,36.66121133209968
E,E,C,D,A,B,41.70591339505003
E,E,C,D,B,A,26.99235274116868
E,E,C,D,B,B,29.781139594174924
E,E,C,E,A,B,48.31204057981783
E,E,D,A,A,B,41.9905104318
E,E,D,B,A,A,33.323440301561035
E,E,D,B,A,B,42.65791977532673
E,E,D,C,A,B,43.673261239948594
E,E,D,D,A,B,42.213943930654246
E,E,D,E,A,B,54.25364403532653
E,E,E,A,A,A,33.41031747645057
E,E,E,A,A,B,41.21710090806179
E,E,E,B,A,A,34.41428072871649
E,E,E,B,C,A,25.927780676724602
E,E,E,C,A,B,43.61904934768479
E,E,E,C,B,A,28.545959187939008
E,E,E,C,B,B,32.26152453861454
E,E,E,C,C,A,25.17226592589029
E,E,E,D,A,B,44.67236919535113
E,E,E,E,A,A,48.415709533803216
E,E,E,E,A,B,49.704605469031534
