R1,R2,R3,R4,X,Y,barrier
A,A,A,A,B,A,2.221829414432838
A,A,A,A,B,B,-5.378397070634514
A,A,A,A,B,C,31.994987999864087
A,A,A,A,B,D,36.33264004672645
A,A,A,A,C,A,-0.5514446531279238
A,A,A,A,C,B,-7.4710404960847425
A,A,A,A,C,C,26.331933903864883
A,A,A,A,C,D,30.378374689538777
A,A,A,C,A,A,-1.7199160249753378
A,A,A,C,B,C,29.64328518043022
A,A,A,D,A,A,7.304078838097607
A,A,A,D,A,B,-7.149812372082583
A,A,A,D,C,A,2.7245564974712395
A,A,A,D,C,B,-1.7007121157116705
A,A,A,D,C,C,28.04080464083067
A,A,A,E,A,A,9.346243417087509
A,A,A,E,B,A,3.9794508766235976
A,A,A,E,B,B,-0.059910633768955994
A,A,A,E,B,C,33.91522381974262
A,A,A,E,B,D,36.9902679512648
A,A,A,E,C,A,1.9134877923304952
A,A,A,E,C,B,-2.5297906976197715
A,A,A,E,C,C,28.200169614113207
A,A,A,E,C,D,31.270354408459944
A,A,B,A,B,C,25.824589722432453
A,A,B,E,C,D,34.19708060919879
A,A,C,A,A,A,-1.7199162784804918
A,A,C,A,B,A,2.0424086087154913
A,A,C,D,A,A,2.866497910993725
A,A,C,D,B,A,0.5077958032006306
A,A,C,D,B,C,28.207929700867123
A,A,C,D,C,A,0.5489991564303073
A,A,C,E,B,A,-4.511339188862282
A,A,C,E,B,B,-4.792804361544798
A,A,C,E,C,A,-4.944958367345989
A,A,C,E,C,C,24.20514003978264
A,A,C,E,C,D,28.4064344251564
A,A,D,A,A,A,7.3077144598093895
A,A,D,C,B,C,28.211338555673258
A,A,D,D,A,A,8.888829306610374
A,A,D,D,B,A,3.43616854170887
A,A,D,D,B,B,0.3859516065529037
A,A,D,D,B,C,31.37828502841409
A,A,D,D,B,D,35.10809047770299
A,A,D,E,A,A,9.348300376187728
A,A,E,A,A,A,9.227319865375259
A,A,E,A,A,B,17.430305976713374
A,A,E,A,B,A,3.882105212670607
A,A,E,A,B,B,-0.05879879369316365
A,A,E,A,B,C,33.91150768230418
A,A,E,A,B,D,36.98854347130799
A,A,E,A,C,A,1.9246522189519832
A,A,E,A,C,B,-2.5291838127730264
A,A,E,A,C,C,28.72637319900971
A,A,E,A,C,D,31.661883606232998
A,A,E,B,B,B,-2.530256051969404
A,A,E,B,B,D,40.413344620402704
A,A,E,B,C,D,29.767732519595672
A,A,E,C,A,A,-4.083245626086549
A,A,E,C,B,A,-4.5541954020451785
A,A,E,C,B,B,-6.168740129004917
A,A,E,C,C,A,-4.936267607134555
A,A,E,C,C,B,-7.291038314766587
A,A,E,D,A,A,5.23914706072895
A,A,E,D,C,A,0.6611333668164097
A,A,E,D,C,B,-2.494493382766131
A,A,E,D,C,D,27.855131447273575
A,A,E,E,A,D,60.61397968171278
A,A,E,E,B,A,1.8187287991597538
A,A,E,E,B,B,0.03313604569486134
A,A,E,E,B,C,32.9549374446244
A,A,E,E,B,D,35.08258090331863
A,A,E,E,C,A,-0.3748435560248272
A,A,E,E,C,B,-1.6074106337838263
A,A,E,E,C,C,25.73238108477968
A,A,E,E,C,D,28.26763354313043
A,B,A,A,C,A,-0.28794697958335475
A,B,A,A,C,B,-4.798837695534617
A,B,A,A,C,C,23.81725103362707
A,B,A,C,B,A,-4.551078216136853
A,B,A,D,A,A,5.48417032677184
A,B,A,D,B,A,0.5437665783410892
A,B,A,D,B,B,-3.1803361557616543
A,B,A,D,C,B,-5.052523704172463
A,B,A,D,C,C,21.443689706144678
A,B,A,E,A,A,3.3841712009456284
A,B,A,E,B,A,-0.919115826889396
A,B,A,E,B,B,-3.5551009312164608
A,B,A,E,B,C,28.408468071538138
A,B,A,E,B,D,31.928320801269678
A,B,A,E,C,A,-1.5740206912807504
A,B,A,E,C,B,-3.4961902019605056
A,B,A,E,C,C,24.23516214031172
A,B,A,E,C,D,26.89750038907997
A,B,B,A,B,A,1.530926663582415
A,B,B,E,B,A,0.21464589061409522
A,B,B,E,C,A,0.2971027764693268
A,B,C,A,A,A,-2.607440248742424
A,B,C,A,B,A,-2.5938516270972203
A,B,C,A,C,A,-2.5743648708937004
A,B,C,A,C,B,-6.830924065267304
A,B,C,D,B,A,-3.740690367198594
A,B,C,E,A,A,-8.06008069998737
A,B,C,E,B,A,-5.265150567023685
A,B,C,E,B,B,-7.052033244671261
A,B,C,E,C,A,-4.9683412940918315
A,B,C,E,C,C,17.785275554349738
A,B,D,A,B,A,3.043761284051567
A,B,D,A,B,B,-0.5769483676088457
A,B,D,D,A,A,4.769563927024781
A,B,D,D,C,B,-3.843425512201992
A,B,D,D,C,C,19.623990849591618
A,B,D,E,B,A,-1.0721533387801179
A,B,D,E,B,B,-1.9598353322841418
A,B,D,E,B,C,28.98604077343798
A,B,D,E,B,D,31.462580426672837
A,B,D,E,C,A,-2.6114954203069534
A,B,D,E,C,B,-5.116884530924805
A,B,D,E,C,C,19.48800826258636
A,B,E,A,A,A,2.0251913676581075
A,B,E,A,B,A,2.5760407232329072
A,B,E,A,B,B,0.7431302790375663
A,B,E,A,B,C,29.671073368288155
A,B,E,A,B,D,33.04655956601846
A,B,E,A,C,A,1.6009131960269964
A,B,E,A,C,B,1.6719249927027817
A,B,E,A,C,C,25.88170342816597
A,B,E,D,A,A,3.4854172767565923
A,B,E,D,B,A,0.3304055434474076
A,B,E,D,B,B,-0.3170829436617015
A,B,E,D,B,C,23.918575196837146
A,B,E,D,B,D,29.252220936720484
A,B,E,D,C,A,-1.0040819523447797
A,B,E,D,C,B,-2.6560726974227955
A,B,E,D,C,C,18.190565758949184
A,B,E,D,C,D,23.219509170039828
A,B,E,E,A,A,6.472451438841794
A,B,E,E,B,A,-3.5766594742175024
A,B,E,E,B,B,-1.8056294554098775
A,B,E,E,B,C,26.341608849343604
A,B,E,E,B,D,28.019885116443234
A,B,E,E,C,A,-4.563492957643541
A,B,E,E,C,B,-4.366430858954292
A,B,E,E,C,C,22.239502776594485
A,C,A,A,A,A,4.923716136069644
A,C,A,A,A,B,-4.794460985979998
A,C,A,A,B,A,1.2840103871994004
A,C,A,A,B,B,-4.765622517494327
A,C,A,A,B,C,28.464653264404287
A,C,A,A,C,A,-5.164405628455111
A,C,A,A,C,B,-10.88128217794573
A,C,A,A,C,C,19.123535149476247
A,C,A,A,C,D,23.040122672590705
A,C,A,C,A,A,-4.164513201518468
A,C,A,C,B,B,-5.617649324128032
A,C,A,C,C,A,-5.859519172251589
A,C,A,C,C,D,21.635601843671328
A,C,A,E,A,A,2.015085935649877
A,C,A,E,B,A,-0.6992897331284978
A,C,A,E,B,B,-2.8566929794721037
A,C,A,E,B,C,27.562932967744754
A,C,A,E,B,D,30.039800165475942
A,C,A,E,C,A,-2.7917007302006525
A,C,A,E,C,B,-4.703066097909685
A,C,A,E,C,C,21.731077214584804
A,C,A,E,C,D,24.753225927041736
A,C,B,E,C,C,22.885807809902097
A,C,B,E,C,D,26.977174183565623
A,C,C,A,C,A,-5.009733409891597
A,C,C,A,C,B,-2.778939759437421
A,C,C,B,A,A,-1.379252774926987
A,C,C,B,B,A,4.350481611761419
A,C,C,C,B,A,-4.3545858299565
A,C,C,D,C,C,14.767474197819192
A,C,C,E,B,A,-7.239180341805793
A,C,C,E,B,B,-8.543081218651253
A,C,C,E,B,C,21.754725065666563
A,C,D,A,A,A,5.333636656073499
A,C,D,A,B,A,1.7520131245443253
A,C,D,A,B,B,-2.534758288166215
A,C,D,A,B,C,26.381386923260486
A,C,D,A,B,D,30.093083656095025
A,C,D,A,C,A,-0.14458450006294643
A,C,D,A,C,B,-4.105112396612469
A,C,D,C,A,A,-5.739396194664697
A,C,D,C,C,B,-2.099891432577825
A,C,D,D,A,A,3.0499000454024223
A,C,D,D,B,A,-0.393004138413784
A,C,D,D,B,B,-3.1305560877510508
A,C,D,D,B,C,22.987078997205238
A,C,D,E,A,A,2.249813898426225
A,C,D,E,B,A,-1.0653452199166553
A,C,D,E,B,B,-3.3105566589351616
A,C,D,E,B,D,26.75977960266295
A,C,D,E,C,A,-4.391465164001872
A,C,D,E,C,C,18.23427057255585
A,C,D,E,C,D,19.74616661635615
A,C,E,A,A,A,4.448656096529623
A,C,E,A,B,A,1.9632003474277662
A,C,E,A,B,B,-1.5435315487218844
A,C,E,A,B,C,27.710522445493407
A,C,E,A,B,D,30.325553914775412
A,C,E,A,C,B,-3.737303080626654
A,C,E,A,C,C,22.413867811707938
A,C,E,C,B,A,-7.093818275339457
A,C,E,C,B,B,-0.6529132287396294
A,C,E,D,A,A,5.270537948550614
A,C,E,D,B,A,1.008560606248718
A,C,E,D,B,C,24.46111612816011
A,C,E,D,B,D,28.20073201531516
A,C,E,D,C,A,-0.8779635552871107
A,C,E,D,C,B,-3.378287329449771
A,C,E,D,C,C,19.3763119521593
A,C,E,D,C,D,21.696684029162316
A,C,E,E,A,A,4.350582900000734
A,C,E,E,B,A,-0.6791911499583371
A,C,E,E,B,B,-2.288678621167062
A,C,E,E,B,D,29.511845721533344
A,C,E,E,C,A,1.1694566193251932
A,C,E,E,C,B,-5.53503814648247
A,C,E,E,C,D,22.557207063921165
A,D,A,A,B,A,6.934879860808181
A,D,A,A,B,C,36.44796320727308
A,D,A,A,C,A,3.770824066211007
A,D,A,A,C,B,1.375573050630716
A,D,A,C,A,A,-0.9060121645987862
A,D,A,C,B,A,-1.2333509945253507
A,D,A,C,B,B,-3.7777914112086832
A,D,A,D,A,A,11.882244362817245
A,D,A,D,B,A,5.584578379997774
A,D,A,D,B,B,4.3301281625636765
A,D,A,D,B,C,33.77925484789387
A,D,A,D,C,A,2.621994306689095
A,D,A,D,C,B,1.4492768858455767
A,D,A,D,C,C,27.538436503255426
A,D,A,E,A,A,10.219724475854038
A,D,A,E,C,A,2.4754691660669192
A,D,A,E,C,B,1.531014957783172
A,D,A,E,C,C,27.534479856734734
A,D,B,D,C,D,28.445018821312974
A,D,B,E,A,A,-3.7981187918582773
A,D,B,E,B,A,0.20387293409211146
A,D,B,E,B,B,2.4354936286495663
A,D,C,A,B,B,-4.419410102582358
A,D,C,D,A,A,-2.1228711590373868
A,D,C,D,C,B,-4.582635864549837
A,D,C,E,A,A,-3.546045988397194
A,D,C,E,B,C,29.924235315462578
A,D,C,E,C,A,-0.7020029667958299
A,D,D,A,A,A,12.609586297026306
A,D,D,A,B,A,5.988947218313731
A,D,D,A,C,A,2.187275247994109
A,D,D,A,C,B,1.843627074133573
A,D,D,A,C,C,28.317547993841494
A,D,D,C,A,A,-6.851217261208807
A,D,D,D,C,B,0.6751044992031534
A,D,D,D,C,C,24.60630935990853
A,D,D,E,A,A,10.635892431839899
A,D,D,E,C,A,1.3236864977549698
A,D,D,E,C,B,1.2365716002636058
A,D,D,E,C,C,23.961317377858695
A,D,E,A,A,A,10.725720357219611
A,D,E,A,B,A,4.623777706878034
A,D,E,A,B,B,4.013911340038223
A,D,E,A,B,C,34.32396951653455
A,D,E,A,B,D,37.1599109992726
A,D,E,B,B,C,31.846819927544995
A,D,E,B,C,C,31.017167405259855
A,D,E,B,C,D,30.56419821496948
A,D,E,C,A,A,-2.1426987848627346
A,D,E,C,B,A,-2.623693262489996
A,D,E,C,B,B,-2.863679937357763
A,D,E,C,C,A,3.640249604566829
A,D,E,C,C,B,-4.026311588412346
A,D,E,D,B,A,2.6911291755315494
A,D,E,D,B,B,5.296194630402791
A,D,E,D,B,C,31.329491323025717
A,D,E,D,B,D,34.02584835361041
A,D,E,E,A,A,10.936333904039111
A,D,E,E,B,A,3.558894716709284
A,D,E,E,B,B,5.015144991940093
A,D,E,E,B,C,31.537962462297436
A,D,E,E,B,D,33.79950148477988
A,D,E,E,C,A,0.49988387495651687
A,D,E,E,C,B,5.498402779847575
A,D,E,E,C,C,25.114803961498293
A,E,A,A,A,A,14.183871360884922
A,E,A,A,B,A,8.199587612237137
A,E,A,A,B,B,7.635791935607552
A,E,A,B,A,A,-3.098585494708888
A,E,A,C,A,A,-1.2261036014530835
A,E,A,C,B,A,-1.643341139878479
A,E,A,C,B,B,1.5328522931551574
A,E,A,C,C,A,-2.0448581193338873
A,E,A,C,C,B,-2.052740008126833
A,E,A,D,A,A,15.150638985224745
A,E,A,D,B,A,7.484439184941257
A,E,A,D,B,B,9.718602322459862
A,E,A,D,C,B,-14.391001754004755
A,E,A,E,A,A,12.313602850431309
A,E,A,E,B,A,6.6301425861142045
A,E,A,E,B,B,7.797138172410717
A,E,A,E,C,A,3.0098522527383014
A,E,A,E,C,B,4.507176104038139
A,E,B,A,B,A,-0.0716477390558882
A,E,B,A,C,B,-4.112904564199284
A,E,B,C,B,B,-9.210982558346073
A,E,B,D,B,B,-7.359075710537458
A,E,C,A,A,A,-0.7524383912154752
A,E,C,A,B,B,-0.8882283892459187
A,E,C,A,C,A,-2.5768889974921705
A,E,C,A,C,B,-2.448186332582913
A,E,C,D,A,A,-1.3260731479769527
A,E,C,D,A,B,9.049628040231864
A,E,C,D,B,A,-2.79510333623137
A,E,C,D,C,A,-3.199855936406536
A,E,C,D,C,B,-2.603179235629929
A,E,C,E,B,B,-2.291062957597175
A,E,D,A,C,A,3.918038134465703
A,E,D,A,C,B,5.171023447452139
A,E,D,B,A,A,-2.083262557114776
A,E,D,B,C,B,-2.7405346153591417
A,E,D,C,A,A,-0.6928064168964243
A,E,D,C,B,A,-1.8622211538314872
A,E,D,C,B,B,-0.5598384740169629
A,E,D,C,C,A,-2.2245866780253083
A,E,D,C,C,B,-1.4764516064975288
A,E,D,D,A,A,14.278673678057944
A,E,D,D,B,A,4.980916970529399
A,E,D,D,B,B,7.835664384515214
A,E,D,D,C,A,2.9146188225495204
A,E,D,D,C,B,4.154029552411923
A,E,D,E,A,A,14.057280923515496
A,E,D,E,B,A,6.445527808499461
A,E,D,E,B,B,8.72049458842941
A,E,D,E,C,A,2.6538463073663903
A,E,D,E,C,B,4.735542229060834
A,E,E,A,A,A,14.166224373178519
A,E,E,A,B,A,4.892213889180236
A,E,E,A,B,B,7.138928483781196
A,E,E,A,C,A,2.277144683763776
A,E,E,A,C,B,2.87941740976216
A,E,E,B,A,A,1.5926819153161207
A,E,E,C,A,A,-2.1648574998355454
A,E,E,C,B,A,-4.647466859717182
A,E,E,C,C,A,-3.9779707672885047
A,E,E,C,C,B,-1.3673710417929288
A,E,E,D,A,A,13.227236146431276
A,E,E,D,B,A,5.7668600905755385
A,E,E,D,B,B,8.239014241475699
A,E,E,D,C,A,-5.618932818689493
A,E,E,D,C,B,-1.6405403714914282
A,E,E,E,A,A,19.100952661669307
A,E,E,E,B,A,5.668437732127486
A,E,E,E,B,B,11.990868291580787
A,E,E,E,C,A,4.913593752888373
A,E,E,E,C,B,7.588009676903527
B,A,A,A,A,A,5.906093396820691
B,A,A,A,A,B,-0.28913085739157346
B,A,A,A,A,C,60.087220955200074
B,A,A,A,B,A,-4.356749965182413
B,A,A,A,B,B,-9.851573772535152
B,A,A,A,B,D,29.451664143581727
B,A,A,B,B,A,0.9557917532074948
B,A,A,B,C,A,1.8297050787289435
B,A,A,C,A,A,-1.774475367048613
B,A,A,C,B,A,-2.6184620755223484
B,A,A,C,C,A,-2.624147160204425
B,A,A,C,C,B,-6.830348538155599
B,A,A,D,B,A,3.020823827320319
B,A,A,D,B,B,-0.6116980168762853
B,A,A,E,A,A,4.298588357924404
B,A,A,E,B,A,4.560089656266056
B,A,A,E,B,B,2.4483695056265296
B,A,A,E,B,C,31.8023339299768
B,A,A,E,B,D,32.90397655374422
B,A,A,E,C,B,-1.6208232797987334
B,A,A,E,C,C,23.785939845657097
B,A,B,E,C,C,17.38728688545245
B,A,C,B,A,B,-17.890888223764613
B,A,C,E,C,C,18.906872834708143
B,A,D,A,C,B,-5.237763689345853
B,A,D,A,C,C,21.48334351124296
B,A,D,B,B,A,-0.04085337671965858
B,A,D,C,B,A,-3.6880910151868473
B,A,D,C,C,C,15.236161922712311
B,A,D,D,A,A,4.5515875185137995
B,A,D,D,B,A,0.9349380878681907
B,A,D,D,C,B,-3.833581056490991
B,A,D,D,C,C,19.726452691569545
B,A,D,E,A,A,3.2042446840138354
B,A,D,E,B,A,0.2516175001788203
B,A,D,E,B,B,-1.3566438056584809
B,A,D,E,B,C,24.768284566505127
B,A,D,E,C,B,-0.6598779062795277
B,A,D,E,C,C,18.155845500442226
B,A,E,A,A,A,3.2818023148168423
B,A,E,A,B,A,1.3332335455852942
B,A,E,A,B,B,-1.8806494147630535
B,A,E,A,B,C,30.686789613617695
B,A,E,A,B,D,34.15660767405218
B,A,E,A,C,A,-1.5881607551932015
B,A,E,A,C,B,-3.3583636971526856
B,A,E,A,C,C,24.213064859586023
B,A,E,B,B,B,-1.4565668982100393
B,A,E,B,C,A,0.2704609823635205
B,A,E,B,C,B,-9.096514099825109
B,A,E,C,B,A,-5.279795011667644
B,A,E,D,A,A,5.572493371471341
B,A,E,D,B,A,1.5033932942399102
B,A,E,D,B,B,-0.7759170139632559
B,A,E,D,B,C,28.97359294399772
B,A,E,D,C,A,-3.086629653354129
B,A,E,D,C,B,-4.8299961075373945
B,A,E,D,C,C,21.778899887581996
B,A,E,E,A,A,0.9314210623379421
B,A,E,E,B,A,-3.59844729780953
B,A,E,E,B,B,-2.6667148727510552
B,A,E,E,B,C,25.696699468811037
B,A,E,E,B,D,28.691382550985224
B,A,E,E,C,A,0.5286205015364885
B,A,E,E,C,B,-4.900689672384018
B,A,E,E,C,C,19.660666373554555
B,B,A,A,B,A,-6.603774068210191
B,B,A,E,A,A,-0.11775889542314615
B,B,A,E,B,A,-2.311711924319728
B,B,A,E,C,A,-4.575275996480637
B,B,A,E,C,B,-5.407728759026008
B,B,D,A,B,A,-1.6608433592166418
B,B,D,E,C,B,-5.491761867376393
B,B,E,A,A,A,0.2428559480735006
B,B,E,A,B,A,-2.3837711815344673
B,B,E,A,C,A,-4.305476377567451
B,B,E,A,C,B,-5.064343199526186
B,B,E,A,C,C,21.133669573733513
B,B,E,D,A,A,-1.8927918215362243
B,B,E,D,B,A,-5.62732060432244
B,B,E,D,C,A,-6.540555241762698
B,B,E,D,C,B,-7.977027735589097
B,B,E,E,B,A,-3.944505420003754
B,B,E,E,C,A,-6.317389748970784
B,C,A,A,A,A,1.0488326337632083
B,C,A,A,B,B,-6.329457044167904
B,C,A,D,B,B,-2.874782934904256
B,C,A,D,B,C,21.0677238460276
B,C,A,D,C,B,-3.8070310732699335
B,C,A,E,A,A,-1.801510155031421
B,C,A,E,B,A,-0.9950295899846877
B,C,A,E,B,B,-1.4345435055868072
B,C,A,E,B,D,27.496674773730863
B,C,A,E,C,A,-1.904339153942109
B,C,A,E,C,B,-4.080035716717723
B,C,C,A,C,B,-9.846204214129132
B,C,D,A,A,A,0.9333085292726254
B,C,D,A,B,B,-5.2472137031649755
B,C,D,A,C,B,-6.319427494952123
B,C,D,E,B,A,-2.8505729523554457
B,C,D,E,C,A,-5.032077521241323
B,C,D,E,C,B,-2.8704002022569415
B,C,D,E,C,C,10.080124989707176
B,C,E,A,A,A,-1.303107355419084
B,C,E,A,B,A,-2.6439213692086403
B,C,E,A,B,B,-3.697126807148841
B,C,E,A,B,C,21.667755411397437
B,C,E,A,B,D,24.719154883712797
B,C,E,A,C,A,-3.7624167175564343
B,C,E,A,C,B,-4.988293649981758
B,C,E,A,C,C,16.250723639010776
B,C,E,A,C,D,18.126060154536624
B,C,E,D,A,A,0.700336668679573
B,C,E,D,B,A,-5.096166121125575
B,C,E,D,B,C,19.5631822208096
B,C,E,D,C,B,-7.802807588854869
B,C,E,E,A,A,-2.569307079097175
B,C,E,E,B,A,-4.608937000448624
B,C,E,E,B,B,-4.886780526234293
B,C,E,E,C,B,-3.7757089931747574
B,C,E,E,C,C,12.023952257465025
B,D,A,A,B,A,1.5926169360632063
B,D,A,A,B,B,0.18592568568922319
B,D,A,A,C,A,-0.7572327186760066
B,D,A,A,C,B,-1.5597227072475528
B,D,A,A,C,C,24.580414124677013
B,D,A,A,C,D,29.273073665299925
B,D,A,D,A,A,7.557747043607458
B,D,A,D,B,A,2.700485203108484
B,D,A,D,B,B,2.6336594564624525
B,D,A,D,B,C,30.40619911561426
B,D,A,E,A,A,6.795636184964488
B,D,A,E,B,A,5.099207866582441
B,D,A,E,B,B,5.10638149093901
B,D,A,E,B,C,33.49438099397439
B,D,A,E,C,A,1.8144145624136758
B,D,A,E,C,B,0.09883928578694962
B,D,A,E,C,C,22.226098033291535
B,D,A,E,C,D,26.105695149007847
B,D,B,E,C,B,-0.17156959729024557
B,D,D,A,B,A,0.4839567854053487
B,D,D,A,B,B,0.33654184939735027
B,D,D,A,C,A,-2.0026522904418487
B,D,D,A,C,B,-2.476792778148944
B,D,D,D,B,A,1.0757919368143367
B,D,D,D,B,B,0.38304490853859097
B,D,D,E,A,A,6.393429875485728
B,D,D,E,B,A,2.9510222994914166
B,D,D,E,B,B,4.03394472426527
B,D,D,E,B,C,27.42819951816513
B,D,D,E,C,C,20.596621459395557
B,D,E,A,A,A,4.8156782930305315
B,D,E,A,B,A,1.295310889123935
B,D,E,A,B,B,2.6399923064885154
B,D,E,A,B,D,33.98868478510626
B,D,E,A,C,B,-1.2715071102215374
B,D,E,A,C,C,23.367491501233545
B,D,E,B,A,A,-2.730853507140522
B,D,E,D,A,A,3.7741822478087768
B,D,E,D,B,A,-2.324089680469574
B,D,E,D,B,B,3.7840075683928793
B,D,E,D,B,C,29.402682177782484
B,D,E,D,B,D,31.919612790580047
B,D,E,D,C,A,-2.9970685443426794
B,D,E,D,C,C,22.327835321227525
B,D,E,E,A,A,3.9399720800407634
B,D,E,E,B,A,3.624858292433613
B,D,E,E,B,B,6.978928535197738
B,D,E,E,C,B,6.0576651626708715
B,E,A,A,A,A,13.101545925357197
B,E,A,A,B,A,9.114036984309879
B,E,A,A,B,B,11.487180312219671
B,E,A,A,B,C,29.181621836875888
B,E,A,A,C,A,-6.786225356792826
B,E,A,B,A,A,-0.8802104697371566
B,E,A,C,B,A,3.4093775818460337
B,E,A,C,C,A,4.488095648930881
B,E,A,D,A,A,9.858009129458697
B,E,A,D,B,A,9.60581746882027
B,E,A,D,B,B,12.523697973361061
B,E,A,D,B,C,29.179469749832876
B,E,A,D,C,B,12.17633229462525
B,E,A,E,A,A,9.416238209637447
B,E,A,E,B,B,9.060802557549852
B,E,A,E,B,C,26.473396103614554
B,E,A,E,C,B,12.043206026344958
B,E,B,A,B,B,0.21429524279874462
B,E,C,A,B,A,1.3591869113642148
B,E,C,A,C,A,2.1417702999604753
B,E,C,A,C,B,2.688588249106931
B,E,C,D,C,B,4.351594352213896
B,E,D,A,A,A,11.467603657602533
B,E,D,A,B,A,7.088812049994026
B,E,D,A,C,A,-9.187105283708833
B,E,D,A,C,B,0.7722389111440202
B,E,D,C,A,A,1.4291148898610604
B,E,D,C,B,A,-0.10013191209844048
B,E,D,C,C,A,0.9340552312540852
B,E,D,D,B,A,7.520726181561859
B,E,D,D,B,B,11.622023707130824
B,E,D,E,A,A,9.168058537688768
B,E,D,E,B,A,7.544392019274816
B,E,E,A,A,A,6.737075875700975
B,E,E,A,B,A,3.0422759627903337
B,E,E,A,B,B,11.212630882413952
B,E,E,A,C,B,-1.674982537519699
B,E,E,B,B,A,-0.4285972200526845
B,E,E,C,B,A,0.2036716071260112
B,E,E,C,B,B,0.4332437005037654
B,E,E,D,A,A,11.744219562689596
B,E,E,D,B,A,3.8149898484246973
B,E,E,D,B,B,9.681373535180201
B,E,E,D,B,C,25.269083477143234
B,E,E,D,C,A,-3.866227225501863
B,E,E,D,C,B,4.606590412138012
B,E,E,E,A,A,4.523601269258478
B,E,E,E,B,B,2.924250537676977
B,E,E,E,C,A,0.8361107742161608
C,A,A,A,C,A,-0.3838540695957251
C,A,A,A,C,B,-6.2759372416586965
C,A,A,A,C,C,23.28399704057728
C,A,A,C,A,A,-2.1755060300211606
C,A,A,C,B,A,-4.9671285008943435
C,A,A,C,C,A,-5.0075238425613415
C,A,A,C,C,C,16.979406828254692
C,A,A,D,A,A,4.50530966932781
C,A,A,D,A,B,-0.5950766205465099
C,A,A,D,B,A,1.4962672884740955
C,A,A,D,B,B,-2.537281940499239
C,A,A,D,B,C,26.384037678305102
C,A,A,E,A,A,4.446198492080568
C,A,A,E,B,A,0.7279925109384024
C,A,A,E,B,B,-1.6646362850676735
C,A,A,E,B,C,27.859523197955646
C,A,A,E,C,A,0.40378595302721576
C,A,A,E,C,B,-3.794361266769609
C,A,A,E,C,C,22.12281299519527
C,A,B,D,A,B,2.4644516961014062
C,A,C,A,B,A,-2.946655796239066
C,A,C,C,A,A,-2.881357585758124
C,A,C,C,A,B,23.69437345444801
C,A,C,C,B,A,-4.371114048678088
C,A,C,C,C,A,-4.228079622519152
C,A,C,D,A,B,-6.757990917038636
C,A,C,D,C,A,-6.755195231310428
C,A,C,D,C,B,-0.4720915990559922
C,A,C,D,C,C,15.11543624138373
C,A,C,E,B,C,22.3087595412875
C,A,C,E,C,C,17.56873584205061
C,A,D,A,B,A,1.0469438791849968
C,A,D,A,B,B,-3.1669902133126837
C,A,D,A,B,C,26.537833886213452
C,A,D,A,B,D,30.14763101818603
C,A,D,A,C,A,-0.504776949184262
C,A,D,A,C,B,-4.832480289114375
C,A,D,C,B,C,19.670607442159287
C,A,D,C,C,C,14.695706704811926
C,A,D,D,A,A,3.0508328539105243
C,A,D,D,A,B,0.2771266369305982
C,A,D,D,B,A,-0.3944812662543221
C,A,D,D,B,B,-3.137799996777178
C,A,D,D,B,C,22.965711680914293
C,A,D,D,B,D,26.338271886844186
C,A,D,E,A,A,5.3082225342804765
C,A,D,E,B,A,1.088334600510232
C,A,D,E,B,B,-1.6674843591501343
C,A,D,E,B,C,24.446716782300832
C,A,D,E,B,D,26.827718142695417
C,A,D,E,C,A,-0.8771780039172432
C,A,D,E,C,B,-0.07833825385718528
C,A,E,A,A,A,2.201553067898483
C,A,E,A,B,A,-0.7399097335099064
C,A,E,A,B,B,-4.048256373107312
C,A,E,A,B,C,27.56912737228197
C,A,E,A,C,A,-2.711812396232914
C,A,E,A,C,B,-4.688956571041888
C,A,E,A,C,C,21.704121926453208
C,A,E,B,B,C,28.185179537396227
C,A,E,B,B,D,32.469170857995294
C,A,E,C,A,A,-6.8936905354700775
C,A,E,C,B,B,-8.50313998022798
C,A,E,C,C,A,-6.932372618287888
C,A,E,C,C,C,16.511941626420025
C,A,E,C,C,D,21.013275778627364
C,A,E,D,A,A,2.2388329777901164
C,A,E,D,B,A,-1.1716203392834825
C,A,E,D,B,B,-3.3037380298272017
C,A,E,D,B,C,24.146699398684675
C,A,E,D,B,D,26.757714414347408
C,A,E,D,C,A,-4.165210904773896
C,A,E,D,C,D,19.765027334751135
C,A,E,E,A,A,9.742565940410369
C,A,E,E,B,A,-1.7349882127143896
C,A,E,E,B,B,-1.2647174164422554
C,A,E,E,B,C,26.074654976203405
C,A,E,E,B,D,29.149717567124096
C,A,E,E,C,A,1.2522938051444301
C,A,E,E,C,B,-5.069265347766729
C,A,E,E,C,C,19.805103405314146
C,A,E,E,C,D,22.870744588583626
C,B,A,A,A,A,1.0277627632342525
C,B,A,A,B,A,-6.3086077255484625
C,B,A,A,B,B,-6.343435527954425
C,B,A,A,C,A,-6.58148237967173
C,B,A,A,C,B,-7.228721470215238
C,B,A,A,C,C,15.451898123191992
C,B,A,D,A,A,1.135294101976944
C,B,A,D,A,B,-1.2316670326607801
C,B,A,D,B,B,-5.4700722395604275
C,B,A,D,C,B,-6.321106853488406
C,B,A,E,A,A,0.3072555423164265
C,B,A,E,B,A,-2.6567349821523076
C,B,A,E,B,D,24.055423435421616
C,B,A,E,C,A,-3.7648206837820077
C,B,A,E,C,B,-5.109713348307621
C,B,A,E,C,C,17.001585292837767
C,B,B,A,B,A,-0.08543507282234572
C,B,C,A,A,A,-5.825411415726258
C,B,C,A,B,A,-5.921673768653296
C,B,C,A,B,C,15.94337879960195
C,B,C,C,A,A,-12.164957537128137
C,B,C,C,B,A,-12.913736897408748
C,B,C,E,A,A,-5.2565615499483185
C,B,C,E,B,A,-5.054040190195206
C,B,D,A,B,B,-3.1251749473662063
C,B,D,A,C,B,-3.5376871906345166
C,B,D,D,A,A,0.6875882037425678
C,B,D,D,C,B,-4.439293753617454
C,B,D,E,A,A,0.6677044616068443
C,B,D,E,B,A,-3.92072368495645
C,B,D,E,B,B,-4.508769642358535
C,B,D,E,B,D,21.445179656416446
C,B,D,E,C,B,-5.9804345723144845
C,B,E,A,A,A,-1.5893730315355208
C,B,E,A,B,A,-0.7981372405152719
C,B,E,A,B,B,-1.8259625119068215
C,B,E,A,C,B,-3.0012687601277217
C,B,E,A,C,C,20.94324499574704
C,B,E,D,A,A,-2.0330417269660033
C,B,E,D,B,A,-4.214581647247263
C,B,E,D,B,C,16.43804304845313
C,B,E,D,C,A,-5.341880384147825
C,B,E,D,C,B,-7.048127952366448
C,B,E,E,B,A,-3.932928764966678
C,C,A,A,B,B,-5.824675064117325
C,C,A,A,B,C,19.880800604738457
C,C,A,B,A,A,-6.654903581573073
C,C,A,B,B,A,-8.215604153402209
C,C,A,C,A,B,-9.533802351750301
C,C,A,C,B,A,-7.992696266576656
C,C,A,C,B,B,-9.3277592050145
C,C,A,C,C,A,-7.628126246083074
C,C,A,C,C,C,10.316225171673024
C,C,A,D,A,A,-0.507845203889457
C,C,A,D,A,B,-3.2441600596322746
C,C,A,D,B,B,-4.966382936208273
C,C,A,D,B,C,17.312763276421
C,C,A,D,C,C,12.225448772320913
C,C,A,E,A,A,-1.2099063150012248
C,C,A,E,B,A,-3.768153525850672
C,C,A,E,B,B,-5.302460018737332
C,C,A,E,B,C,19.58173343719833
C,C,A,E,C,A,-5.019079552158648
C,C,A,E,C,B,-6.367519886304184
C,C,A,E,C,C,13.390118259244689
C,C,B,A,A,A,-5.665766584310731
C,C,B,B,A,A,-6.70568429816837
C,C,B,B,B,A,-8.431964388118667
C,C,B,C,B,A,-9.228697444431328
C,C,B,D,C,C,9.029297811564048
C,C,C,A,A,A,-6.680855172138191
C,C,C,A,A,B,-9.534758303456236
C,C,C,A,B,A,-7.995571154135032
C,C,C,A,B,C,13.583833168479446
C,C,C,A,C,A,-7.074785358993977
C,C,C,A,C,B,-8.62869467078362
C,C,C,A,C,C,10.437083598530325
C,C,C,B,A,A,-10.560199041877164
C,C,C,B,B,A,-12.051735040779986
C,C,C,C,B,A,-14.247128830174939
C,C,C,D,B,A,-6.975183910086408
C,C,C,D,B,C,12.533123798929022
C,C,C,D,C,C,8.488853500912853
C,C,C,E,A,A,-4.771349400421514
C,C,C,E,B,C,15.167819170548803
C,C,C,E,C,C,10.969888446793048
C,C,D,A,A,A,-0.35593312832604646
C,C,D,A,A,B,-3.2182203786372763
C,C,D,A,B,A,3.8029542267115453
C,C,D,A,B,B,-4.852483495776852
C,C,D,A,C,B,-5.624184600819632
C,C,D,B,A,A,-3.721991602748875
C,C,D,B,B,A,-5.74398705276057
C,C,D,C,B,A,-6.396640217671711
C,C,D,D,B,B,-4.405269912612891
C,C,D,D,C,B,-5.375126976923471
C,C,D,D,C,C,8.534856445357399
C,C,D,E,A,A,0.03703949661842078
C,C,D,E,B,A,-5.062580534495026
C,C,D,E,B,B,-4.6569901593187994
C,C,D,E,B,C,16.25865144765669
C,C,D,E,B,D,17.521014138511877
C,C,D,E,C,C,10.66533243702327
C,C,E,A,A,A,-2.571128897863487
C,C,E,A,B,A,-3.7784589896908196
C,C,E,A,B,B,-5.114874480247778
C,C,E,A,B,C,19.58350465299008
C,C,E,A,B,D,22.233036766200115
C,C,E,A,C,A,-5.023948869454259
C,C,E,A,C,B,-6.233316362015091
C,C,E,A,C,C,13.387332361233836
C,C,E,B,A,A,1.0479416124069136
C,C,E,B,B,A,1.529519002360612
C,C,E,C,A,A,2.7162333640706278
C,C,E,C,B,A,-4.753283534542231
C,C,E,C,B,B,-4.962188503422611
C,C,E,C,C,A,-4.542956893705639
C,C,E,D,B,A,-5.036357290132566
C,C,E,D,B,B,-5.606543906743401
C,C,E,D,B,C,16.218050305747337
C,C,E,D,B,D,18.43717232451503
C,C,E,D,C,B,-6.7099195575185595
C,C,E,D,C,C,10.667807378128721
C,C,E,E,A,A,-1.704579720999322
C,C,E,E,B,A,-5.291019228480237
C,C,E,E,B,B,-5.035208494733889
C,C,E,E,B,C,17.921692045727525
C,C,E,E,B,D,19.769843227841967
C,C,E,E,C,B,-5.653367501767824
C,C,E,E,C,C,12.718274063609677
C,D,A,A,A,A,6.117274822757866
C,D,A,A,A,B,6.597723245396677
C,D,A,A,B,A,2.054558743275999
C,D,A,A,B,B,0.9455095223103565
C,D,A,A,B,C,30.37146121283469
C,D,A,D,A,A,6.260491069683242
C,D,A,D,B,A,1.6431820536411579
C,D,A,D,B,B,1.546783838002986
C,D,A,D,B,C,27.635767065620676
C,D,A,E,A,A,6.195606702389004
C,D,A,E,B,A,1.9231585116532217
C,D,A,E,B,B,2.0113271714642567
C,D,A,E,B,C,28.745330287743897
C,D,A,E,C,A,0.32927118582179127
C,D,A,E,C,B,-0.32193104285771473
C,D,C,C,B,A,-2.9706961949331614
C,D,C,D,C,C,16.504620551095616
C,D,C,E,B,B,-4.593005722266076
C,D,C,E,C,C,17.577302336439708
C,D,D,A,A,A,5.988337994420908
C,D,D,A,B,A,1.8861287822420305
C,D,D,A,B,B,1.8411965562482981
C,D,D,A,B,C,27.58590977374076
C,D,D,D,B,A,-0.08030436278477916
C,D,D,D,B,B,0.44712913480796224
C,D,D,D,B,C,23.761604787510514
C,D,D,D,C,C,17.737241760177188
C,D,D,E,A,A,7.620933522768767
C,D,D,E,B,A,1.0481991955446124
C,D,D,E,B,B,1.594076252054488
C,D,D,E,B,C,25.862166523242585
C,D,D,E,C,C,19.434939241536583
C,D,E,A,A,A,3.543336217944848
C,D,E,A,B,A,-0.4542526060216141
C,D,E,A,B,B,1.7659306244860933
C,D,E,A,B,C,29.327699780566554
C,D,E,A,B,D,31.535994156396512
C,D,E,A,C,A,-2.548852695468704
C,D,E,A,C,B,-1.6958295689212586
C,D,E,A,C,C,23.33496052479343
C,D,E,A,C,D,26.399723011758375
C,D,E,C,B,B,-5.2349539859633
C,D,E,C,C,B,-4.984280777894141
C,D,E,D,A,A,4.4260755734857185
C,D,E,D,B,A,-1.498338236674998
C,D,E,D,B,C,25.082345729016655
C,D,E,D,C,C,19.005108182828568
C,D,E,E,A,A,5.359638121771238
C,D,E,E,B,A,-0.15929675824517656
C,D,E,E,B,B,2.9814890741708715
C,D,E,E,B,C,26.05926540860798
C,E,A,A,A,A,12.089545137171978
C,E,A,A,B,A,6.721177276176903
C,E,A,A,B,B,9.487476533910298
C,E,A,B,C,B,2.2843493742905725
C,E,A,B,C,C,19.709164813746167
C,E,A,C,A,A,0.5725360516555592
C,E,A,C,B,A,-0.5208376136579667
C,E,A,C,B,B,0.775715267235139
C,E,A,C,B,C,24.479030683993305
C,E,A,C,C,A,-0.22629911783353285
C,E,A,C,C,B,2.024052525377574
C,E,A,C,C,C,19.901555982487675
C,E,A,D,A,A,7.568739976721012
C,E,A,D,B,A,5.939570319449686
C,E,A,D,B,B,9.534774653914448
C,E,A,D,B,C,24.432955521505576
C,E,A,E,A,A,12.312094383546698
C,E,A,E,B,A,6.9013942152048795
C,E,A,E,B,B,9.997609752151883
C,E,A,E,B,C,24.801533840507087
C,E,A,E,C,B,5.69429612097164
C,E,B,A,B,A,-2.2536732411651403
C,E,B,A,B,B,-2.2620252811089143
C,E,B,A,C,B,-0.05921531546661753
C,E,B,D,B,B,-3.9466146042868
C,E,B,E,C,B,-1.443531176798829
C,E,C,A,A,A,0.3899537376838601
C,E,C,A,A,B,1.3769687169602773
C,E,C,A,B,A,-0.5825201365928531
C,E,C,A,B,B,0.2493185739760988
C,E,C,A,B,D,26.145493733763853
C,E,C,A,C,A,-0.0160950091964466
C,E,C,A,C,B,1.3831173551672775
C,E,C,C,B,A,2.195881569480386
C,E,C,C,B,B,-11.448708097890076
C,E,C,D,A,A,1.4647057695328627
C,E,C,D,B,A,-0.5819671093387592
C,E,C,D,B,B,0.603158049677421
C,E,C,D,B,C,20.00492970522615
C,E,C,D,C,B,0.40395987775194886
C,E,C,E,B,A,-2.613467299606824
C,E,C,E,B,C,18.46913400036091
C,E,C,E,C,A,-1.5213158270495528
C,E,C,E,C,B,0.32634321848607145
C,E,D,A,A,A,11.658827271456962
C,E,D,A,B,A,5.684744207640117
C,E,D,A,B,B,9.593380588077487
C,E,D,A,B,C,24.329558012585746
C,E,D,A,C,A,-8.304581693834537
C,E,D,A,C,B,4.267801382550727
C,E,D,C,B,A,-1.5073456927747013
C,E,D,C,B,B,0.6102704158885992
C,E,D,C,C,A,-8.54694552066723
C,E,D,C,C,B,0.5782255331378751
C,E,D,C,C,C,17.012151532903328
C,E,D,D,A,A,12.465735395792391
C,E,D,D,B,A,3.877449053437691
C,E,D,D,B,B,8.07634683803955
C,E,D,D,C,B,6.894713812501952
C,E,D,E,A,A,13.245741792423908
C,E,D,E,B,A,5.638213853694898
C,E,D,E,B,B,7.195553534378141
C,E,D,E,C,B,4.697445138652907
C,E,E,A,A,A,8.343953275179759
C,E,E,A,B,A,2.748037551578498
C,E,E,A,B,B,8.472132885369577
C,E,E,A,C,A,0.97792815883501
C,E,E,A,C,B,6.810282633073198
C,E,E,B,B,B,-4.819080031358087
C,E,E,C,A,A,-2.05184998006701
C,E,E,C,B,A,-5.275083137801788
C,E,E,C,B,C,16.74484577377824
C,E,E,C,C,A,-4.84219053455265
C,E,E,C,C,C,15.32991432749461
C,E,E,D,A,A,10.76163382004184
C,E,E,D,B,A,1.4857807090234652
C,E,E,D,B,B,8.720922338979488
C,E,E,D,C,B,-2.6955125166340372
C,E,E,E,A,A,7.772847877417348
C,E,E,E,B,A,1.0469783708672482
C,E,E,E,B,B,5.788199040898894
C,E,E,E,C,B,5.589656972842784
D,A,A,A,C,A,3.8046425483511195
D,A,A,A,C,B,1.4047137476613452
D,A,A,A,C,C,30.47381103628191
D,A,A,C,B,A,-2.3738335425081134
D,A,A,D,A,A,11.781449012000445
D,A,A,D,B,A,-1.826681232369624
D,A,A,D,B,B,-8.022574431038398
D,A,A,D,C,A,-3.493799725191118
D,A,A,D,C,B,0.8232634996974524
D,A,A,D,C,C,28.31495901814915
D,A,A,D,C,D,31.63203673594274
D,A,A,E,B,A,-0.03619152423253832
D,A,A,E,B,B,5.465558893438713
D,A,A,E,B,C,34.80302928006583
D,A,A,E,B,D,37.45778883306138
D,A,A,E,C,B,0.8413034127056968
D,A,A,E,C,C,28.383080275650755
D,A,A,E,C,D,31.566268255958626
D,A,B,A,C,B,4.568846601832807
D,A,C,A,A,A,-0.9114398818026773
D,A,C,A,A,B,-3.303319760947734
D,A,C,A,B,B,-4.077536055453295
D,A,C,A,C,B,-4.300650635335894
D,A,C,C,C,B,-14.95175335230227
D,A,C,D,A,B,-2.4142345382638926
D,A,C,E,A,A,-2.0188603724964755
D,A,C,E,B,B,-2.794908070346285
D,A,C,E,C,B,-3.8673919552350515
D,A,C,E,C,C,25.77703821113227
D,A,D,A,A,A,11.056148663553616
D,A,D,A,B,B,-8.475836805193644
D,A,D,A,B,C,33.776468509432526
D,A,D,A,B,D,37.24169002982426
D,A,D,A,C,A,2.6191198794136104
D,A,D,A,C,B,1.4513835255889205
D,A,D,A,C,C,27.54507975537907
D,A,D,C,A,A,-2.156475081434978
D,A,D,C,B,B,-3.9587381926094136
D,A,D,D,B,A,3.8786783916363907
D,A,D,D,B,B,3.7210932727252044
D,A,D,D,B,C,30.994172030287757
D,A,D,E,C,A,0.3539639689542055
D,A,D,E,C,B,0.7397224095022009
D,A,D,E,C,C,25.649935338597952
D,A,E,A,B,B,4.2853116335827846
D,A,E,A,B,C,33.873338274548395
D,A,E,A,B,D,36.30949177950367
D,A,E,A,C,A,-3.037768594139661
D,A,E,A,C,B,1.5246808000314926
D,A,E,A,C,C,27.30965177990714
D,A,E,B,B,A,-0.1278556377369779
D,A,E,C,A,A,-3.9790234642587405
D,A,E,C,C,C,24.155547888397532
D,A,E,D,A,B,20.07416843845105
D,A,E,D,B,A,3.4958351570595574
D,A,E,D,B,B,4.4452732651136895
D,A,E,D,B,C,30.862580577876066
D,A,E,D,C,A,0.9162964129789004
D,A,E,D,C,C,24.74800960353035
D,A,E,E,A,A,10.520421293554069
D,A,E,E,B,A,3.6275767977383038
D,A,E,E,B,B,4.829741104823201
D,A,E,E,B,C,31.41562838703955
D,A,E,E,B,D,33.70310717234348
D,A,E,E,C,A,0.5410490005221187
D,A,E,E,C,B,5.472183717196558
D,A,E,E,C,C,27.657092188837673
D,B,A,A,A,A,-0.234696778717485
D,B,A,A,B,A,1.600480054702482
D,B,A,A,B,B,0.10220799446535456
D,B,A,A,B,C,30.649572546430264
D,B,A,A,B,D,35.71376712437764
D,B,A,D,B,A,0.480611848711727
D,B,A,D,B,B,0.3380353890481276
D,B,A,D,B,C,28.21089854235086
D,B,A,D,C,A,-2.326353718556066
D,B,A,D,C,B,-2.810324739914838
D,B,A,D,C,C,21.60372884633245
D,B,A,E,A,A,5.682710906898585
D,B,A,E,B,A,1.3011125052777759
D,B,A,E,B,B,2.7393668842989984
D,B,A,E,C,A,-0.5832259354624287
D,B,A,E,C,B,-0.417673479150218
D,B,A,E,C,C,25.98460289416149
D,B,D,A,B,A,2.703490110667395
D,B,D,A,B,B,2.582264946425331
D,B,D,A,C,B,-1.7165425352974515
D,B,D,D,A,A,7.009119429852518
D,B,D,D,B,A,1.0661838015542071
D,B,D,D,B,B,2.102173984637599
D,B,D,E,A,A,6.525297162978168
D,B,D,E,B,A,-2.349867932221828
D,B,D,E,B,B,1.099247789077856
D,B,D,E,C,A,-2.039324959395284
D,B,D,E,C,B,-2.2902398042112417
D,B,E,A,A,A,6.766210824296244
D,B,E,A,B,A,9.39540195329286
D,B,E,A,B,B,5.085705228841763
D,B,E,A,B,C,33.51606326874977
D,B,E,A,B,D,36.22498441369693
D,B,E,A,C,A,5.045512953684885
D,B,E,A,C,B,2.2743360138775413
D,B,E,D,A,A,6.395178960887489
D,B,E,D,B,A,3.36073783537757
D,B,E,D,B,B,6.335379356811493
D,B,E,E,A,A,7.37243943587182
D,B,E,E,B,B,6.951830439733447
D,B,E,E,B,C,29.833854204062565
D,B,E,E,B,D,31.521506387140523
D,B,E,E,C,A,-1.7264880343747007
D,C,A,A,B,B,0.11502027392982136
D,C,A,A,B,C,29.975779788975778
D,C,A,A,B,D,34.28538668942043
D,C,A,D,B,A,0.06992063851139915
D,C,A,D,B,B,0.32150728525458344
D,C,A,D,B,C,27.60481262314427
D,C,A,E,A,A,3.5347699499875427
D,C,A,E,B,A,-0.5558094621368795
D,C,A,E,B,B,1.7527181176334832
D,C,A,E,B,C,29.31813483741968
D,C,A,E,B,D,31.53118198523361
D,C,A,E,C,B,-2.6497101776272047
D,C,A,E,C,C,23.27571793164433
D,C,A,E,C,D,26.5449190985163
D,C,C,A,C,B,-1.514373560549504
D,C,C,A,C,C,19.2905692646903
D,C,C,D,A,B,-1.8269396144391417
D,C,D,A,B,A,-0.17329635026836054
D,C,D,A,B,B,-0.040471677929408846
D,C,D,A,B,C,26.590737213269783
D,C,D,A,C,A,-0.5946189440465165
D,C,D,A,C,B,-0.6832215968338257
D,C,D,A,C,C,21.711768611544876
D,C,D,B,B,A,4.390495348307019
D,C,D,D,A,A,5.069027599525748
D,C,D,D,C,B,-1.9557526495783952
D,C,D,D,C,C,17.74768332978238
D,C,D,E,A,A,4.482678862054533
D,C,D,E,B,A,-1.3314636356643312
D,C,D,E,B,B,1.416906740037893
D,C,D,E,B,C,25.79211511552251
D,C,D,E,B,D,28.769597877635718
D,C,D,E,C,A,-3.2110062103992165
D,C,D,E,C,B,-1.3076821796974167
D,C,E,A,A,A,6.101421776686742
D,C,E,A,B,D,32.027618930885964
D,C,E,A,C,A,-0.8834231863893124
D,C,E,A,C,C,22.781772825158153
D,C,E,B,B,C,27.489854700353355
D,C,E,C,C,C,17.6021858376311
D,C,E,D,A,A,6.450505777775909
D,C,E,D,B,C,25.873116605709725
D,C,E,D,B,D,28.58042200718264
D,C,E,D,C,B,-0.9042522967207377
D,C,E,D,C,C,19.412033894102724
D,C,E,E,A,A,5.333386791877031
D,C,E,E,B,A,-0.7032595206115876
D,C,E,E,B,B,2.108478737931603
D,C,E,E,B,C,27.045057029368266
D,C,E,E,B,D,29.11987021800266
D,C,E,E,C,B,-1.346830931189386
D,C,E,E,C,C,19.032438831800537
D,D,A,A,B,A,-0.46300065347541974
D,D,A,A,B,B,-2.6819114981337973
D,D,A,A,B,C,30.799803592399357
D,D,A,C,A,A,-1.1563005086837532
D,D,A,C,C,B,-3.0179594980893096
D,D,A,C,C,C,26.35072826904255
D,D,A,D,B,A,4.796501152334521
D,D,A,D,B,B,6.448382509742408
D,D,A,D,B,C,33.30295794511486
D,D,A,D,C,A,-6.5295053822066365
D,D,A,D,C,B,-6.999782737866667
D,D,A,D,C,C,20.615727615010133
D,D,A,E,A,A,11.697065005539836
D,D,A,E,B,B,6.303588941799544
D,D,A,E,B,C,33.357437713393466
D,D,B,E,A,A,1.4233838778353622
D,D,B,E,B,A,1.084886705767703
D,D,B,E,B,C,32.114433295609565
D,D,C,A,C,C,26.34488750144857
D,D,C,D,B,B,-1.6687850745838724
D,D,C,D,B,C,29.767496099554766
D,D,C,E,A,A,-1.6099505625245898
D,D,C,E,B,B,-0.33173249193833704
D,D,C,E,B,C,30.764256998547722
D,D,C,E,C,B,3.344564491412062
D,D,D,A,A,A,6.385759477656788
D,D,D,A,B,A,4.79171897346733
D,D,D,A,B,B,6.499379147381857
D,D,D,A,B,C,33.301999363475765
D,D,D,A,C,A,-6.225658008623722
D,D,D,A,C,C,20.61428356005052
D,D,D,C,A,A,0.5133133220816846
D,D,D,C,C,B,2.591266820203858
D,D,D,C,C,C,23.820959885012776
D,D,D,D,A,A,11.471991447904173
D,D,D,D,B,A,3.578808247965632
D,D,D,D,C,A,0.47927026776205706
D,D,D,D,C,B,2.3971206330340964
D,D,D,D,C,C,23.756586550151344
D,D,D,E,A,A,11.636718634256816
D,D,D,E,C,A,0.22805872596421525
D,D,D,E,C,C,23.44629449756089
D,D,E,A,A,A,11.457257903849756
D,D,E,A,B,B,-2.5667807555253765
D,D,E,A,B,C,33.31500027289006
D,D,E,A,C,A,2.202723481255034
D,D,E,A,C,C,26.462685532189113
D,D,E,C,B,C,30.72814510539553
D,D,E,C,C,B,-1.6761470452441527
D,D,E,C,C,C,25.464048490169407
D,D,E,D,C,A,0.8078358136588296
D,D,E,D,C,B,2.556496665091065
D,D,E,D,C,C,23.50321666083538
D,D,E,E,A,A,11.672311814986376
D,D,E,E,B,A,3.5156502790205173
D,D,E,E,B,B,7.3846779207773245
D,D,E,E,B,C,30.444400885423523
D,D,E,E,C,A,0.17884497505578079
D,D,E,E,C,B,3.5938867083431876
D,E,A,B,A,A,-1.7399031467054742
D,E,A,B,C,B,-4.160193098163036
D,E,A,C,A,A,-1.340393610037854
D,E,A,C,B,A,-2.6350912014942893
D,E,A,C,C,A,-2.7834887275454987
D,E,A,C,C,B,-1.8973301989287723
D,E,A,D,A,A,13.858374205969753
D,E,A,D,C,B,5.1690672540110665
D,E,A,E,B,A,5.588572022290885
D,E,A,E,B,B,11.067430889814695
D,E,B,A,B,B,2.807810710576107
D,E,B,A,C,B,-6.686710009036362
D,E,B,C,C,B,-0.6287713955244358
D,E,B,D,B,B,-2.8593351363866564
D,E,C,A,A,A,-1.1897684579008887
D,E,C,A,B,A,-1.836986518574248
D,E,C,A,C,A,-2.2310504880220523
D,E,C,A,C,B,-0.6499815670130543
D,E,C,D,A,A,-1.037264703662277
D,E,C,D,B,A,-2.0014051654340808
D,E,C,D,C,A,-2.7069584660259913
D,E,C,E,A,A,-0.5326145107289966
D,E,C,E,B,A,-0.9124733095632975
D,E,C,E,C,A,-2.02235543838799
D,E,D,B,A,A,-2.4142313354739984
D,E,D,B,B,A,-2.626554936034256
D,E,D,B,C,B,-1.9911850173677366
D,E,D,C,A,A,-1.3551891640140266
D,E,D,C,B,A,-2.582592207632243
D,E,D,D,A,A,13.558060608946972
D,E,D,D,B,A,5.161875480083728
D,E,D,D,B,B,9.158494195791771
D,E,D,D,C,A,1.4410183409710668
D,E,D,D,C,B,5.269437723769223
D,E,D,E,A,A,15.857519484566788
D,E,D,E,B,A,6.064713451967658
D,E,D,E,B,B,9.974436493109044
D,E,D,E,C,B,5.240089102431948
D,E,E,A,A,A,13.619016945091236
D,E,E,A,B,A,5.873940868084044
D,E,E,A,B,B,9.239832191581106
D,E,E,A,C,A,0.5906452208308137
D,E,E,A,C,B,4.606746060521564
D,E,E,C,A,A,-0.37224032497469856
D,E,E,C,B,A,-1.5470032586809745
D,E,E,D,A,A,14.561931986791503
D,E,E,D,B,A,5.332472238878957
D,E,E,D,B,B,9.622631903885166
D,E,E,D,C,B,5.448160951004046
D,E,E,E,A,A,12.701851667506
D,E,E,E,B,A,4.747044010653335
D,E,E,E,B,B,9.626669808813086
E,A,A,A,B,A,1.5719862852039557
E,A,A,A,B,B,-3.1647156659804483
E,A,A,A,C,B,3.3023529282455675
E,A,A,B,B,A,1.523582049910307
E,A,A,B,B,B,-3.3195380940702086
E,A,A,B,C,B,-6.029086276435936
E,A,A,C,B,A,-2.3876414228548173
E,A,A,C,B,B,-0.9470075925230627
E,A,A,C,C,A,-3.2460970468565695
E,A,A,C,C,B,5.314970637769488
E,A,A,D,A,A,14.709315047888264
E,A,A,D,A,B,-0.7009415696086092
E,A,A,D,C,A,-2.922462872550375
E,A,A,D,C,B,-13.632560812429329
E,A,A,E,A,A,13.69000223123458
E,A,A,E,B,B,8.484607498251798
E,A,A,E,C,A,2.659569848355856
E,A,A,E,C,B,7.66981034759967
E,A,B,D,B,B,-2.2746582265259234
E,A,B,D,C,B,-2.7525123253233468
E,A,B,E,A,A,1.566616793286412
E,A,B,E,B,A,-1.2147213583307968
E,A,C,A,A,A,-0.17879041979782642
E,A,C,A,B,B,-0.515673785510186
E,A,C,A,C,A,-1.1276165138686405
E,A,C,A,C,B,1.635975145095861
E,A,C,D,A,A,-0.5391376988595022
E,A,C,D,B,A,-1.841429312074988
E,A,C,D,B,B,-0.550353466213692
E,A,C,D,C,A,-2.213388414190763
E,A,C,D,C,B,-1.4606696005106452
E,A,C,E,A,A,-0.7302754857921248
E,A,C,E,B,A,-3.3920544630609233
E,A,C,E,C,A,-3.574270906566287
E,A,C,E,C,B,-1.232254871555087
E,A,D,A,B,A,-3.938206258947126
E,A,D,B,C,B,-4.7924962069289565
E,A,D,C,B,A,-4.062380239513584
E,A,D,C,B,B,-2.4607047505279556
E,A,D,C,C,A,-3.123497145245273
E,A,D,C,C,B,-2.5326272395897664
E,A,D,D,B,A,6.061562762073396
E,A,D,D,B,B,7.731297739837952
E,A,D,D,C,A,2.9169455291646575
E,A,D,D,C,B,-20.673766273053193
E,A,D,E,A,A,13.70456608610141
E,A,D,E,B,A,5.112960020311158
E,A,D,E,B,B,8.362559921342532
E,A,D,E,C,A,2.055901098902035
E,A,D,E,C,B,2.7832929886077404
E,A,E,A,A,A,14.86654694605125
E,A,E,A,B,A,6.584305057866827
E,A,E,A,B,B,9.5723989798605
E,A,E,A,C,A,5.489056473214161
E,A,E,A,C,B,6.717114698245459
E,A,E,C,A,A,-2.509331522611912
E,A,E,C,B,A,-4.305450780787864
E,A,E,C,C,A,-4.53021773430185
E,A,E,D,A,A,16.41675241003412
E,A,E,D,B,A,6.40526305954705
E,A,E,D,B,B,8.734192306286939
E,A,E,D,C,A,2.6182896312363253
E,A,E,D,C,B,4.731550420123274
E,A,E,E,A,A,13.156183874966372
E,A,E,E,B,A,5.593897860813529
E,A,E,E,B,B,8.95212706511746
E,A,E,E,C,A,1.8022164223165986
E,A,E,E,C,B,4.982842081677503
E,B,A,A,C,A,-15.604469529598772
E,B,A,B,B,A,-5.044577997427757
E,B,A,C,A,A,2.588668921001683
E,B,A,C,A,B,2.555373871324022
E,B,A,C,B,A,1.7529023970111164
E,B,A,C,B,B,1.5866869803836872
E,B,A,C,C,A,-4.888872720428564
E,B,A,C,C,B,-9.753080566334333
E,B,A,D,A,A,8.302132930141417
E,B,A,D,B,A,7.115429839690736
E,B,A,D,B,B,4.556706469079698
E,B,A,D,C,A,-9.356548568085817
E,B,A,E,A,A,7.698523644749867
E,B,A,E,B,A,5.435153381185023
E,B,A,E,B,B,4.1295537915212295
E,B,A,E,C,A,4.049374102335761
E,B,B,A,A,A,-0.2393836683252829
E,B,B,D,B,A,1.6258591494454673
E,B,B,E,A,A,-1.7945894979998382
E,B,B,E,B,A,0.3282565933478662
E,B,C,A,A,A,3.127330072190694
E,B,C,A,B,A,-2.754127426313452
E,B,C,A,C,A,4.71147541353882
E,B,C,A,C,B,5.335596675740948
E,B,C,D,B,A,1.799944754820034
E,B,C,D,C,A,2.8001207016783423
E,B,C,E,B,A,0.4494001236512189
E,B,D,A,A,A,14.303177790612642
E,B,D,A,B,A,9.600613973875316
E,B,D,A,B,B,12.515198972552277
E,B,D,A,C,B,12.111627125191234
E,B,D,C,A,A,3.2376581898691286
E,B,D,C,C,A,-2.8916164219141134
E,B,D,D,A,A,9.991164036366404
E,B,D,D,B,A,7.553608003641946
E,B,D,D,B,B,11.636020452776595
E,B,D,D,C,B,10.647617620993472
E,B,D,E,A,A,11.830377902944774
E,B,D,E,B,A,6.799986939115514
E,B,D,E,B,B,13.105216815603454
E,B,D,E,C,A,0.9881664101014053
E,B,E,A,A,A,9.417568008251116
E,B,E,A,B,A,8.085137651495373
E,B,E,A,B,B,7.8122436099171555
E,B,E,A,C,B,12.05765241608343
E,B,E,C,C,A,-3.32622486832395
E,B,E,D,A,A,13.184567554777752
E,B,E,D,B,A,5.392084120943799
E,B,E,D,B,B,13.34639744395896
E,B,E,E,A,A,10.916502594095807
E,B,E,E,B,B,9.456946584048588
E,B,E,E,B,C,30.813251406680976
E,C,A,A,C,B,5.067470804364363
E,C,A,B,B,A,-1.7008999677748564
E,C,A,B,B,B,-2.238494994281841
E,C,A,C,A,A,0.4010678134091493
E,C,A,C,A,B,1.3925784794820208
E,C,A,C,B,A,-1.073507106311448
E,C,A,C,B,B,0.24987051123293702
E,C,A,C,C,A,-3.7881474477397457
E,C,A,C,C,B,1.53026853673693
E,C,A,D,A,A,11.654771844033073
E,C,A,D,B,A,5.689257622319157
E,C,A,D,B,B,9.594931833020501
E,C,A,D,C,A,-8.302314186219508
E,C,A,D,C,B,7.2988199266656
E,C,A,E,A,A,9.202536093778468
E,C,A,E,B,B,7.116399946165667
E,C,A,E,C,A,-4.849744714482895
E,C,A,E,C,B,1.8435316172261955
E,C,B,A,B,C,22.73131534479136
E,C,B,D,B,B,-1.5455556494414204
E,C,B,E,A,A,-1.6367886331831372
E,C,B,E,B,A,-0.1635784568717262
E,C,B,E,B,B,0.4896910892527214
E,C,C,A,A,A,-2.105421757767364
E,C,C,A,B,A,-0.5608564292240928
E,C,C,A,B,B,0.7646957025972378
E,C,C,A,B,C,24.454757800420197
E,C,C,A,C,C,19.95044395583819
E,C,C,C,C,C,10.937470486210799
E,C,C,D,A,A,0.6734169658658027
E,C,C,D,B,A,-1.6800117462623316
E,C,C,D,B,B,0.42995109366595197
E,C,C,D,C,A,-1.3517339230438394
E,C,C,D,C,B,0.755676476824308
E,C,C,E,A,A,-2.0896243335164013
E,C,C,E,B,A,-3.8008935897890854
E,C,C,E,B,B,-0.7321819347589942
E,C,C,E,C,C,15.381833740516694
E,C,D,A,A,A,12.95977907283705
E,C,D,A,B,A,5.944286974921409
E,C,D,A,B,B,9.534239216358197
E,C,D,A,B,C,24.4321048860493
E,C,D,A,C,B,4.422141244621382
E,C,D,C,A,A,1.6547737951776533
E,C,D,C,B,A,-0.7408459029677242
E,C,D,C,C,A,-0.9011525003314269
E,C,D,D,A,A,12.465948180499458
E,C,D,D,B,A,4.214325948330228
E,C,D,D,B,B,8.061400589000034
E,C,D,D,C,B,3.4808726336811486
E,C,D,E,A,A,10.786509419448693
E,C,D,E,B,A,2.2897057054846583
E,C,D,E,B,B,8.264685172193762
E,C,D,E,C,A,0.03012361873149066
E,C,D,E,C,B,4.5052480549126175
E,C,E,A,A,A,11.540325049055967
E,C,E,A,B,A,6.903185617954115
E,C,E,A,B,B,7.993115032478893
E,C,E,A,C,B,5.7883782777818595
E,C,E,C,A,A,-0.436325846948969
E,C,E,C,B,A,-1.2516548416049726
E,C,E,C,B,B,0.859005392250373
E,C,E,C,C,B,-3.550393808351798
E,C,E,D,A,A,13.256652257603534
E,C,E,D,B,A,3.4777733435174105
E,C,E,D,C,B,4.657338213726844
E,C,E,E,A,A,10.000578618105093
E,C,E,E,B,A,2.369913757427434
E,C,E,E,B,B,9.368009872677673
E,C,E,E,B,C,32.31655988167047
E,C,E,E,C,B,6.254807960393797
E,D,A,A,B,B,8.806481660716697
E,D,A,B,C,B,-4.284467045510326
E,D,A,C,A,A,-1.1642158736758732
E,D,A,C,B,A,-1.8514880504456293
E,D,A,C,B,B,-0.9587541445242164
E,D,A,C,C,A,-2.281020678049548
E,D,A,C,C,B,-1.7260697176977224
E,D,A,D,A,A,13.175798303171234
E,D,A,D,B,A,3.8175754566040845
E,D,A,D,B,B,8.563635195526578
E,D,A,D,C,A,0.777785083990497
E,D,A,D,C,B,-3.4166900876475466
E,D,A,E,A,A,14.039087038068496
E,D,A,E,B,A,4.188914329164912
E,D,A,E,B,B,8.549154007488392
E,D,A,E,C,A,0.07030293391445396
E,D,A,E,C,B,4.120317032358575
E,D,B,A,A,A,-1.7756796662718064
E,D,B,C,A,A,-0.9384286212716078
E,D,B,C,C,B,-7.649388658966436
E,D,B,D,B,A,-3.395603475362851
E,D,B,D,B,B,-1.2441929161489083
E,D,B,E,A,A,2.855897085363044
E,D,B,E,B,A,1.8822484092762695
E,D,C,A,A,A,-1.4615177289875019
E,D,C,A,B,A,-2.628273885890451
E,D,C,A,C,A,-2.85371831268462
E,D,C,D,A,A,-1.4382168570481517
E,D,C,D,B,A,-2.5419740834814664
E,D,C,D,B,B,0.17830948085591247
E,D,C,D,C,A,-2.63424588411743
E,D,C,D,C,B,-0.7235917975810747
E,D,C,E,B,A,-2.5565032873291202
E,D,D,A,B,A,5.76167677067436
E,D,D,A,B,B,7.38494385050177
E,D,D,C,A,A,-1.1890734045893745
E,D,D,C,B,A,-1.993714893792688
E,D,D,C,C,A,-2.7146165212179665
E,D,D,C,C,B,-1.3764482407381735
E,D,D,D,A,A,13.998856823958773
E,D,D,D,C,A,1.4355475360950483
E,D,D,D,C,B,5.284036584997616
E,D,D,E,A,A,14.505627729114202
E,D,D,E,B,A,5.220568415917234
E,D,D,E,B,B,9.655322952546767
E,D,D,E,C,A,1.0638007276917645
E,D,D,E,C,B,5.4492469703653486
E,D,E,A,B,A,5.293644724894818
E,D,E,A,B,B,8.884495322180198
E,D,E,A,C,B,5.573559214504755
E,D,E,B,C,B,2.0771261315640484
E,D,E,C,A,A,-0.574144852291739
E,D,E,C,B,A,-1.210512452744347
E,D,E,D,A,A,15.946605603393191
E,D,E,D,B,A,4.421966958989775
E,D,E,D,B,B,8.557073709890561
E,D,E,D,C,B,2.695288017577579
E,D,E,E,A,A,15.459497341753194
E,D,E,E,B,A,5.140476704184842
E,D,E,E,B,B,9.668910966057826
E,E,A,A,A,A,11.86906914130436
E,E,A,B,A,A,-3.0531013565341754
E,E,A,C,A,A,3.0840849223190228
E,E,A,C,B,A,0.11200963659084719
E,E,A,C,C,A,1.1885340847338464
E,E,A,C,C,B,3.1976627723257716
E,E,A,D,A,A,14.333188160776595
E,E,A,E,A,A,14.001539708739562
E,E,B,A,B,B,6.7631460479656935
E,E,B,A,C,B,-2.3820515339059605
E,E,B,D,A,A,-2.272170438876472
E,E,B,E,A,A,2.30561342520175
E,E,B,E,B,A,-2.9928937024724145
E,E,C,A,A,A,3.103400995503438
E,E,C,A,B,A,-0.9455694167999099
E,E,C,A,C,A,1.2579528146437786
E,E,C,D,A,A,1.198027893235883
E,E,C,D,B,A,-0.19352115881610935
E,E,C,E,B,A,-4.07976961328143
E,E,D,A,A,A,14.3327477526967
E,E,D,C,A,A,1.0825443082999981
E,E,D,C,B,A,2.291364546761257
E,E,D,D,A,A,14.01879045934737
E,E,D,E,A,A,15.966520167468131
E,E,E,A,A,A,12.981546422080143
E,E,E,C,A,A,-2.4306722700204295
E,E,E,D,A,A,13.487765711827192
E,E,E,E,A,A,15.498478566609563
