R1,R2,R3,R4,X,Y,low_barrier,barrier
E,A,D,D,C,B,-12.210838632592218,-20.673766273053197
B,A,C,B,A,B,-20.39505564713839,-17.890888223764613
E,B,A,A,C,A,-0.27564608653862765,-15.604469529598772
D,A,C,C,C,B,-16.235125915968503,-14.95175335230227
A,E,A,D,C,B,-6.392219384202073,-14.391001754004757
C,C,C,C,B,A,0.5224141873578125,-14.24712883017494
E,A,A,D,C,B,-5.391755929112225,-13.632560812429327
C,B,C,C,B,A,1.4438239986867327,-12.913736897408748
C,B,C,C,A,A,-1.5970555371515684,-12.164957537128137
C,C,C,B,B,A,-1.0300317013502949,-12.051735040779986
C,E,C,C,B,B,-15.046510020445158,-11.448708097890076
A,C,A,A,C,B,-3.406359878822251,-10.88128217794573
C,C,C,B,A,A,-2.1000232058909174,-10.560199041877164
B,A,A,A,B,B,-2.641193651468869,-9.851573772535152
B,C,C,A,C,B,-6.8024725278654685,-9.846204214129132
E,B,A,C,C,B,-8.053877021663043,-9.753080566334331
C,C,C,A,A,B,-3.967397274271772,-9.534758303456236
C,C,A,C,A,B,-4.236379210331099,-9.5338023517503
E,B,A,D,C,A,4.7977805612789375,-9.356548568085817
C,C,A,C,B,B,-4.417597671354096,-9.3277592050145
C,C,B,C,B,A,1.011507621605724,-9.228697444431328
A,E,B,C,B,B,-13.587061035800962,-9.210982558346071
B,E,D,A,C,A,4.372140885090686,-9.187105283708831
B,A,E,B,C,B,-4.918049027032471,-9.096514099825107
C,C,C,A,C,B,-4.166073048871921,-8.62869467078362
C,E,D,C,C,A,3.9413870068408436,-8.54694552066723
A,C,C,E,B,B,-1.6125487460149421,-8.543081218651253
C,A,E,C,B,B,-1.5631825757658113,-8.50313998022798
D,A,D,A,B,B,-1.2393814120109619,-8.475836805193644
C,C,B,B,B,A,0.15845869239269944,-8.431964388118667
C,E,D,A,C,A,3.319518842802494,-8.304581693834537
E,C,A,D,C,A,3.3344410180908555,-8.302314186219508
C,C,A,B,B,A,6.698312230319689,-8.215604153402209
A,B,C,E,A,A,-1.0774714175552988,-8.06008069998737
D,A,A,D,B,B,-0.03424946708351235,-8.022574431038398
C,C,C,A,B,A,11.588041754865614,-7.995571154135032
C,C,A,C,B,A,11.635550497167522,-7.992696266576656
B,B,E,D,C,B,1.138948520844423,-7.977027735589097
B,C,E,D,C,B,0.6090104947739043,-7.802807588854869
E,D,B,C,C,B,-5.109514717834503,-7.649388658966436
C,C,A,C,C,A,11.39445508199952,-7.628126246083074
A,A,A,A,C,B,-1.359624777508301,-7.4710404960847425
A,E,B,D,B,B,-3.1775824747709365,-7.359075710537458
A,A,E,C,C,B,-0.7201298724144175,-7.291038314766587
A,C,C,E,B,A,-1.8610236724594438,-7.239180341805793
C,B,A,A,C,B,-0.6820588725985655,-7.228721470215238
A,A,A,D,A,B,-5.100102075747321,-7.149812372082583
A,C,E,C,B,A,0.7279298152293818,-7.093818275339457
C,C,C,A,C,A,11.84143008039473,-7.074785358993977
A,B,C,E,B,B,-0.2109686851752823,-7.052033244671261
C,B,E,D,C,B,3.069738696615286,-7.048127952366448
D,D,A,D,C,B,-1.9759457576758201,-6.999782737866667
C,C,C,D,B,A,12.894064673025039,-6.975183910086408
C,A,E,C,C,A,-2.5025077825233,-6.932372618287888
C,A,E,C,A,A,-1.0673245893360925,-6.8936905354700775
A,D,D,C,A,A,-0.27173670265991656,-6.851217261208807
A,B,C,A,C,B,-3.0586506041873616,-6.830924065267304
B,A,A,C,C,B,-2.8424171144145647,-6.830348538155599
B,E,A,A,C,A,5.721217228318821,-6.786225356792826
C,A,C,D,A,B,-1.1115765574166239,-6.757990917038636
C,A,C,D,C,A,0.3386794132025023,-6.755195231310428
C,C,E,D,C,B,-0.4143507808546917,-6.70991955751856
C,C,B,B,A,A,-1.5926253202459058,-6.70568429816837
D,E,B,A,C,B,-0.4220628723449358,-6.686710009036362
C,C,C,A,A,A,10.102036569328995,-6.680855172138191
C,C,A,B,A,A,7.540285617304226,-6.654903581573073
B,B,A,A,B,A,32.16835074893575,-6.603774068210191
C,B,A,A,C,A,28.430822744996227,-6.58148237967173
B,B,E,D,C,A,-1.668127260205694,-6.540555241762698
D,D,A,D,C,A,0.20823901886655719,-6.5295053822066365
C,C,D,C,B,A,13.004550266164694,-6.396640217671711
C,C,A,E,C,B,1.7347185656277477,-6.367519886304184
C,B,A,A,B,B,0.8740202958503249,-6.343435527954425
B,C,A,A,B,B,0.9351648190683842,-6.329457044167904
C,B,A,D,C,B,0.24484164663237903,-6.321106853488406
B,C,D,A,C,B,0.07350645974741792,-6.319427494952123
B,B,E,E,C,A,0.9998735958589828,-6.317389748970784
C,B,A,A,B,A,32.86221934985916,-6.308607725548463
C,A,A,A,C,B,1.0341669886405251,-6.2759372416586965
C,C,E,A,C,B,1.6118459354171801,-6.233316362015091
D,D,D,A,C,A,0.6303709173797366,-6.225658008623722
A,A,E,C,B,B,0.5420615089532512,-6.168740129004917
E,A,A,B,C,B,-7.501028624711661,-6.029086276435936
C,B,D,E,C,B,2.7601004215108906,-5.9804345723144845
C,B,C,A,B,A,13.868593161381204,-5.921673768653296
A,C,A,C,C,A,0.7087845009693717,-5.859519172251589
C,B,C,A,A,A,12.481150888935803,-5.825411415726258
C,C,A,A,B,B,1.443579269940388,-5.824675064117325
C,C,D,B,B,A,10.336875714928684,-5.74398705276057
A,C,D,C,A,A,0.14038641954250652,-5.739396194664697
C,C,B,A,A,A,8.106336813505198,-5.665766584310731
C,C,E,E,C,B,2.2825092360583095,-5.653367501767824
B,B,E,D,B,A,1.7597248181024605,-5.62732060432244
C,C,D,A,C,B,1.0478153197561133,-5.624184600819632
A,E,E,D,C,A,3.580537683525513,-5.618932818689493
A,C,A,C,B,B,-3.8737226600089727,-5.617649324128032
C,C,E,D,B,B,2.2494018361961605,-5.606543906743401
A,C,E,E,C,B,4.553848803463693,-5.53503814648247
B,B,D,E,C,B,5.246393359487918,-5.491761867376393
C,B,A,D,B,B,2.170674497549258,-5.470072239560428
B,B,A,E,C,B,3.6729510038149757,-5.407728759026008
A,A,A,A,B,B,1.4652973728734802,-5.378397070634514
C,C,D,D,C,B,0.4774029328890615,-5.375126976923471
C,B,E,D,C,A,0.39327273766485493,-5.341880384147825
C,C,A,E,B,B,3.97487091211539,-5.302460018737332
C,C,E,E,B,A,2.6783045617411774,-5.291019228480237
B,A,E,C,B,A,1.4748794425817235,-5.279795011667644
C,E,E,C,B,A,-0.4970879049401324,-5.275083137801788
A,B,C,E,B,A,2.0090531573952903,-5.265150567023685
C,B,C,E,A,A,11.421268561909066,-5.256561549948319
B,C,D,A,B,B,2.025242901828047,-5.247213703164976
B,A,D,A,C,B,1.7014856637712272,-5.237763689345853
C,D,E,C,B,B,0.135523221112961,-5.2349539859633
A,C,A,A,C,A,0.09890176811932305,-5.164405628455111
A,B,D,E,C,B,4.292484832470172,-5.116884530924805
C,C,E,A,B,B,2.578273276457249,-5.114874480247778
C,B,A,E,C,B,2.3554258368602206,-5.109713348307621
B,C,E,D,B,A,1.226937899185262,-5.096166121125575
C,A,E,E,C,B,4.609910499976076,-5.069265347766729
B,B,E,A,C,B,2.749445310892207,-5.064343199526186
C,C,D,E,B,A,0.7237192265998498,-5.062580534495026
C,B,C,E,B,A,12.200848681972984,-5.054040190195206
A,B,A,D,C,B,1.856041247563283,-5.052523704172463
E,B,A,B,B,A,-0.7444646898613008,-5.044577997427757
C,C,E,D,B,A,0.7999992782826831,-5.036357290132566
C,C,E,E,B,B,4.657927524784471,-5.035208494733889
B,C,D,E,C,A,-1.2982543507717133,-5.032077521241323
C,C,E,A,C,A,-0.8641181962704538,-5.023948869454259
C,C,A,E,C,A,-0.8241019171113194,-5.019079552158648
A,C,C,A,C,A,-1.5669225321304703,-5.009733409891597
C,A,A,C,C,A,-1.4458822298962886,-5.0075238425613415
B,C,E,A,C,B,4.052029476902747,-4.988293649981758
C,D,E,C,C,B,0.9271013224219383,-4.984280777894141
A,B,C,E,C,A,1.296541250046678,-4.968341294091832
C,A,A,C,B,A,-1.3125176412316828,-4.967128500894344
C,C,A,D,B,B,2.4016168092913253,-4.966382936208273
C,C,E,C,B,B,-1.7751678263107649,-4.962188503422611
A,A,C,E,C,A,-0.03691638232371232,-4.944958367345989
A,A,E,C,C,A,-0.030565986544980852,-4.936267607134555
B,A,E,E,C,B,5.783083387148439,-4.900689672384018
E,B,A,C,C,A,8.436205993694124,-4.888872720428564
B,C,E,E,B,B,4.244229353729793,-4.886780526234293
C,C,D,A,B,B,2.478354942896915,-4.852483495776852
E,C,A,E,C,A,-1.2604155295741082,-4.849744714482895
C,E,E,C,C,A,-1.746170613411311,-4.84219053455265
C,A,D,A,C,B,1.7629690421600699,-4.832480289114375
B,A,E,D,C,B,2.5974374157310565,-4.8299961075373945
C,E,E,B,B,B,-1.7444010368601484,-4.819080031358087
A,B,A,A,C,B,1.4472941261201915,-4.798837695534617
A,C,A,A,A,B,2.2999037986739452,-4.794460985979998
A,A,C,E,B,B,0.6928959612517663,-4.792804361544798
E,A,D,B,C,B,-0.24666769929502752,-4.7924962069289565
C,C,C,E,A,A,12.78869955726071,-4.771349400421514
A,C,A,A,B,B,2.9493196284685066,-4.765622517494327
C,C,E,C,B,A,12.565757991310582,-4.753283534542231
A,C,A,E,C,B,2.974413732339279,-4.703066097909685
C,A,E,A,C,B,3.032006552041557,-4.688956571041888
C,C,D,E,B,B,3.893608435179698,-4.6569901593188
A,E,E,C,B,A,2.8851379594835502,-4.647466859717182
B,C,E,E,B,A,1.9339967492301613,-4.608937000448624
C,D,C,E,B,B,0.9485370458676954,-4.593005722266076
A,D,C,D,C,B,0.1502634184381451,-4.582635864549837
B,B,A,E,C,A,2.068264951398165,-4.575275996480637
A,B,E,E,C,A,4.126489751236669,-4.563492957643541
A,A,E,C,B,A,0.9491833806393298,-4.5541954020451785
A,B,A,C,B,A,-0.3832325860338547,-4.551078216136853
C,C,E,C,C,A,11.925648127157675,-4.542956893705639
E,A,E,C,C,A,0.1473141242813266,-4.53021773430185
A,A,C,E,B,A,0.8628631773968358,-4.511339188862282
C,B,D,E,B,B,2.9911933357175426,-4.508769642358535
C,B,D,D,C,B,2.0151525496133167,-4.439293753617454
A,D,C,A,B,B,1.1169668638658306,-4.419410102582358
C,C,D,D,B,B,2.70695036927041,-4.405269912612891
A,C,D,E,C,A,2.260584055191203,-4.391465164001872
C,A,C,C,B,A,9.575204715336294,-4.371114048678088
A,B,E,E,C,B,6.676230172030959,-4.366430858954292
B,A,A,A,B,A,2.578687432753316,-4.356749965182413
A,C,C,C,B,A,9.651986774568575,-4.3545858299565
B,B,E,A,C,A,2.6409363727371056,-4.305476377567451
E,A,E,C,B,A,1.5786506842303107,-4.305450780787864
D,A,C,A,C,B,0.012041906729070486,-4.300650635335894
E,D,A,B,C,B,0.10877876751433861,-4.284467045510326
C,A,C,C,C,A,10.153962978408467,-4.228079622519152
C,B,E,D,B,A,1.959850139596163,-4.214581647247263
C,A,E,D,C,A,2.2620022264434847,-4.165210904773896
A,C,A,C,A,A,0.6008779719592148,-4.164513201518468
D,E,A,B,C,B,1.5079178162042897,-4.160193098163036
A,E,B,A,C,B,-1.9481596380946338,-4.112904564199284
A,C,D,A,C,B,2.5353892790809396,-4.105112396612469
A,A,E,C,A,A,3.8266406241668984,-4.083245626086549
B,C,A,E,C,B,4.242422126722998,-4.080035716717723
E,E,C,E,B,A,0.2839354868462812,-4.07976961328143
D,A,C,A,B,B,0.0800451085177061,-4.077536055453295
E,A,D,C,B,A,1.8768243611376871,-4.062380239513584
C,A,E,A,B,B,5.845602156206109,-4.048256373107312
A,D,E,C,C,B,2.122368818225149,-4.026311588412346
D,A,E,C,A,A,3.5707924614029363,-3.979023464258741
A,E,E,C,C,A,3.7770422754778696,-3.9779707672885047
D,A,D,C,B,B,1.582999324910972,-3.9587381926094136
C,E,B,D,B,B,-0.31595102014213666,-3.9466146042868
B,B,E,E,B,A,5.503258087478872,-3.944505420003754
E,A,D,A,B,A,5.775710151042997,-3.938206258947126
C,B,E,E,B,A,4.259415083134995,-3.932928764966678
C,B,D,E,B,A,1.443742422461731,-3.92072368495645
D,A,C,E,C,B,2.143729240545623,-3.867391955235052
B,E,E,D,C,A,1.705595851019281,-3.866227225501863
A,B,D,D,C,B,1.9345175820074245,-3.843425512201992
B,A,D,D,C,B,2.080796315477245,-3.833581056490991
B,C,A,D,C,B,1.880501566433821,-3.8070310732699335
E,C,C,E,B,A,2.936267431398144,-3.800893589789085
A,D,B,E,A,A,1.9658114795847113,-3.798118791858277
C,A,A,E,C,B,3.832783942118625,-3.794361266769609
E,C,A,C,C,A,9.033105555856071,-3.7881474477397457
C,C,E,A,B,A,3.07381123305101,-3.77845898969082
A,D,A,C,B,B,0.9920673780869791,-3.7777914112086832
B,C,E,E,C,B,7.326110358669646,-3.775708993174757
C,C,A,E,B,A,3.02408738233194,-3.768153525850672
C,B,A,E,C,A,1.874082144772204,-3.764820683782008
B,C,E,A,C,A,1.9807838556351518,-3.762416717556434
A,B,C,D,B,A,-1.4936231505310857,-3.740690367198594
A,C,E,A,C,B,4.687771875361195,-3.737303080626654
C,C,D,B,A,A,7.886639471541341,-3.721991602748875
B,C,E,A,B,B,5.934790077737118,-3.697126807148841
B,A,D,C,B,A,2.141940838766644,-3.6880910151868473
B,A,E,E,B,A,5.682744622406339,-3.59844729780953
A,B,E,E,B,A,5.867928943312524,-3.5766594742175024
E,A,C,E,C,A,3.379063216591075,-3.574270906566287
A,B,A,E,B,B,6.3481431185212935,-3.5551009312164608
E,C,E,C,C,B,1.1035444363401103,-3.550393808351798
A,D,C,E,A,A,4.42477637972496,-3.546045988397194
C,B,D,A,C,B,1.7000925929178197,-3.5376871906345166
A,B,A,E,C,B,5.012081322050568,-3.4961902019605056
D,A,A,D,C,A,4.054577165533652,-3.493799725191118
E,D,A,D,C,B,1.8461893485671417,-3.4166900876475466
E,D,B,D,B,A,1.2100202437558694,-3.395603475362851
E,A,C,E,B,A,4.025730554956104,-3.3920544630609237
A,C,E,D,C,B,3.6386576110334334,-3.378287329449771
B,A,E,A,C,B,5.03211769940052,-3.3583636971526856
E,B,E,C,C,A,13.367752749734297,-3.32622486832395
E,A,A,B,B,B,1.4632642422054776,-3.3195380940702086
A,C,D,E,B,B,6.394490968231343,-3.3105566589351616
C,A,E,D,B,B,6.284532483111349,-3.3037380298272017
D,A,C,A,A,B,2.267812964181467,-3.303319760947734
E,A,A,C,C,A,2.613313405605923,-3.246097046856569
C,C,A,D,A,B,4.711410157310034,-3.2441600596322746
C,C,D,A,A,B,5.07131194106724,-3.2182203786372763
D,C,D,E,C,A,2.47265088160446,-3.2110062103992165
A,E,C,D,C,A,1.75656844558359,-3.199855936406536
A,B,A,D,B,B,4.3235967521199505,-3.1803361557616543
C,A,D,A,B,B,4.365734013343148,-3.166990213312684
E,A,A,A,B,B,6.915562285319478,-3.1647156659804483
C,A,D,D,B,B,4.377606492522496,-3.137799996777178
A,C,D,D,B,B,4.1142784168865365,-3.1305560877510508
C,B,D,A,B,B,3.3703973108710246,-3.1251749473662063
E,A,D,C,C,A,1.8318946826799192,-3.123497145245273
A,E,A,B,A,A,2.2573900318243325,-3.098585494708888
B,A,E,D,C,A,3.7093214529625502,-3.086629653354129
E,E,A,B,A,A,3.8590828639939274,-3.053101356534176
D,A,E,A,C,A,4.7333478887332765,-3.037768594139661
D,D,A,C,C,B,1.2873733365631617,-3.0179594980893096
C,B,E,A,C,B,6.329744540771094,-3.0012687601277217
B,D,E,D,C,A,4.700535418058522,-2.9970685443426794
E,E,B,E,B,A,-0.35316233200994207,-2.9928937024724145
C,D,C,C,B,A,11.675522850628626,-2.9706961949331614
C,A,C,A,B,A,-0.7040091540785651,-2.946655796239066
E,A,A,D,C,A,6.600288975590248,-2.922462872550375
E,B,D,C,C,A,11.993243447393265,-2.8916164219141134
C,A,C,C,A,A,9.205469858096123,-2.881357585758124
B,C,A,D,B,B,3.207928832968447,-2.874782934904256
B,C,D,E,C,B,3.648798164188591,-2.870400202256941
A,D,E,C,B,B,2.8714394276415534,-2.863679937357763
D,E,B,D,B,B,2.197519352886056,-2.8593351363866564
A,C,A,E,B,B,5.348752704841263,-2.856692979472104
E,D,C,A,C,A,3.248026688281244,-2.85371831268462
B,C,D,E,B,A,2.3573460159473076,-2.8505729523554457
D,B,A,D,C,B,4.524845315535861,-2.810324739914838
A,E,C,D,B,A,3.2371142985740993,-2.79510333623137
D,A,C,E,B,B,2.8682642297521874,-2.794908070346285
A,C,A,E,C,A,4.567277506017792,-2.7917007302006525
D,E,A,C,C,A,4.783987903083841,-2.7834887275454987
A,C,C,A,C,B,0.08899966861079153,-2.778939759437421
E,B,C,A,B,A,3.545114773722045,-2.754127426313452
E,A,B,D,C,B,2.232377504142892,-2.7525123253233468
A,E,D,B,C,B,2.1093919222800697,-2.7405346153591417
B,D,E,B,A,A,2.3517047057233778,-2.730853507140522
E,D,D,C,C,A,3.5049290670131885,-2.7146165212179665
C,A,E,A,C,A,4.559803868459532,-2.711812396232914
D,E,C,D,C,A,2.2845360916265935,-2.7069584660259918
C,E,E,D,C,B,3.7677049342306126,-2.695512516634037
D,D,A,A,B,B,2.682628102022964,-2.6819114981337973
B,A,E,E,B,B,7.441201871364405,-2.6667148727510552
C,B,A,E,B,A,4.844109585761171,-2.656734982152308
A,B,E,D,C,B,8.022470172183814,-2.6560726974227955
D,C,A,E,C,B,5.900101353958664,-2.6497101776272047
B,C,E,A,B,A,4.86784199413445,-2.6439213692086403
D,E,A,C,B,A,4.987451574916912,-2.6350912014942893
E,D,C,D,C,A,2.3922920183861844,-2.63424588411743
E,D,C,A,B,A,5.079984121958349,-2.628273885890451
D,E,D,B,B,A,-1.3117709050072306,-2.626554936034256
B,A,A,C,C,A,1.5525588403603623,-2.624147160204425
A,D,E,C,B,A,3.073692006227697,-2.623693262489996
B,A,A,C,B,A,4.542810911833517,-2.6184620755223484
C,E,C,E,B,A,1.4240951007949527,-2.613467299606824
A,B,D,E,C,A,5.168745337065193,-2.6114954203069534
A,B,C,A,A,A,1.5424371125400302,-2.607440248742424
A,E,C,D,C,B,1.4729592635659758,-2.603179235629929
A,B,C,A,B,A,4.706013575832449,-2.5938516270972203
D,E,D,C,B,A,4.507130723155607,-2.582592207632243
A,E,C,A,C,A,3.4367438875467333,-2.5768889974921705
A,B,C,A,C,A,1.0018690760000137,-2.5743648708937004
C,C,E,A,A,A,7.5499931888998315,-2.571128897863487
B,C,E,E,A,A,9.02977975550212,-2.569307079097175
D,D,E,A,B,B,1.2910128915463424,-2.5667807555253765
E,D,C,E,B,A,3.5442739110018144,-2.55650328732912
C,D,E,A,C,A,5.017132772972293,-2.548852695468704
E,D,C,D,B,A,4.478503740925529,-2.5419740834814664
C,A,A,D,B,B,4.958197083285696,-2.537281940499239
A,C,D,A,B,B,4.959571328982626,-2.534758288166215
E,A,D,C,C,B,1.5086269021157888,-2.5326272395897664
A,A,E,B,B,B,3.168929119107644,-2.530256051969404
A,A,A,E,C,B,5.315281349552135,-2.5297906976197715
A,A,E,A,C,B,5.346374443902758,-2.5291838127730264
E,A,E,C,A,A,4.732921182095093,-2.509331522611912
A,A,E,D,C,B,4.6840256440394965,-2.494493382766131
B,D,D,A,C,B,3.988305889983226,-2.476792778148944
E,A,D,C,B,B,2.018108119155212,-2.460704750527956
A,E,C,A,C,B,2.6283422575181605,-2.448186332582913
E,E,E,C,A,A,7.552421650564745,-2.430672270020429
D,A,C,D,A,B,4.138067301050273,-2.414234538263893
D,E,D,B,A,A,3.268094441343807,-2.4142313354739984
E,A,A,C,B,A,4.399927004600532,-2.3876414228548173
B,B,E,A,B,A,5.940230584841393,-2.3837711815344678
E,E,B,A,C,B,3.925291388689847,-2.3820515339059605
D,A,A,C,B,A,1.8722121664115257,-2.3738335425081134
D,B,D,E,B,A,6.902403411625239,-2.349867932221828
D,B,A,D,C,A,3.6119947332317754,-2.326353718556066
B,D,E,D,B,A,6.612230480652482,-2.324089680469574
B,B,A,E,B,A,5.84510642368504,-2.311711924319728
A,E,C,E,B,B,3.236009881879708,-2.291062957597175
D,B,D,E,C,B,7.832460303375054,-2.2902398042112417
A,C,E,E,B,B,7.225966121804802,-2.288678621167062
E,D,A,C,C,A,4.553535048620445,-2.281020678049548
E,A,B,D,B,B,2.5115250936849107,-2.2746582265259234
E,E,B,D,A,A,4.96902162173946,-2.272170438876472
C,E,B,A,B,B,-2.33778654560525,-2.2620252811089143
C,E,B,A,B,A,1.8631823051218175,-2.2536732411651403
E,C,A,B,B,B,-1.508953206944456,-2.238494994281841
D,E,C,A,C,A,4.52613171005075,-2.2310504880220523
A,E,D,C,C,A,3.3109596136349797,-2.2245866780253083
E,A,C,D,C,A,3.260062319981935,-2.213388414190763
C,A,A,C,A,A,1.4303137196936133,-2.1755060300211606
A,E,E,C,A,A,6.449008991354394,-2.164857499835545
D,A,D,C,A,A,3.484007901137967,-2.156475081434978
A,D,E,C,A,A,6.4347017753747435,-2.1426987848627346
A,D,C,D,A,A,3.506548041456464,-2.1228711590373868
E,C,C,A,A,A,4.662420492651649,-2.105421757767364
A,C,D,C,C,B,2.7091090018614445,-2.099891432577825
E,C,C,E,A,A,6.122089105571976,-2.0896243335164013
A,E,D,B,A,A,1.5209009873917667,-2.083262557114776
A,E,A,C,C,B,2.7405911522519393,-2.052740008126833
C,E,E,C,A,A,6.233415561360522,-2.05184998006701
A,E,A,C,C,A,4.104815574072946,-2.0448581193338877
D,B,D,E,C,A,6.912186284310458,-2.039324959395284
C,B,E,D,A,A,7.052723306174871,-2.0330417269660037
D,E,C,E,C,A,4.3911857976838595,-2.02235543838799
D,A,C,E,A,A,6.419541146439756,-2.0188603724964755
B,D,D,A,C,A,3.7501597694000806,-2.0026522904418487
D,E,C,D,B,A,4.365639886918709,-2.0014051654340808
E,D,D,C,B,A,4.315345002553287,-1.993714893792688
D,E,D,B,C,B,1.6160627990037517,-1.9911850173677368
A,B,D,E,B,B,6.403809483894086,-1.9598353322841415
D,C,D,D,C,B,4.379288218034297,-1.9557526495783952
B,C,A,E,C,A,6.279418280693061,-1.904339153942109
D,E,A,C,C,B,2.147462922095922,-1.8973301989287723
B,B,E,D,A,A,8.701121668488785,-1.8927918215362245
B,A,E,A,B,B,8.431035315806406,-1.8806494147630533
A,E,D,C,B,A,5.041706044065803,-1.8622211538314872
E,D,A,C,B,A,4.472065493679398,-1.8514880504456293
E,A,C,D,B,A,4.905756116528678,-1.841429312074988
D,E,C,A,B,A,4.758674170865598,-1.836986518574248
D,C,C,D,A,B,0.411545813492023,-1.8269396144391417
D,A,A,D,B,A,7.202880048203158,-1.826681232369624
C,B,E,A,B,B,7.1892568175577845,-1.8259625119068212
A,B,E,E,B,B,8.267117290938936,-1.8056294554098773
B,C,A,E,A,A,8.615968632866528,-1.801510155031421
E,B,B,E,A,A,4.211329032158356,-1.7945894979998382
E,D,B,A,A,A,4.671519380038261,-1.7756796662718064
B,A,A,C,A,A,3.141249676221673,-1.774475367048613
D,E,A,B,A,A,4.4762823573729795,-1.7399031467054742
C,A,E,E,B,A,8.410873436319404,-1.7349882127143896
D,B,E,E,C,A,6.347760337866499,-1.7264880343747009
E,D,A,C,C,B,2.0605716852784157,-1.7260697176977224
A,A,C,A,A,A,3.7775882085826678,-1.7199162784804918
A,A,A,C,A,A,3.7775944836823863,-1.7199160249753378
D,B,D,A,C,B,0.8195022727986138,-1.7165425352974517
C,C,E,E,A,A,10.158663024281001,-1.704579720999322
E,C,A,B,B,A,2.164606480972503,-1.7008999677748564
A,A,A,D,C,B,4.346852253342656,-1.7007121157116705
C,D,E,A,C,B,6.233974044914446,-1.6958295689212586
E,C,C,D,B,A,3.7653894244319726,-1.6800117462623316
D,D,E,C,C,B,3.525517652853015,-1.6761470452441527
B,E,E,A,C,B,5.983698166063491,-1.674982537519699
D,D,C,D,B,B,3.5706042085183887,-1.6687850745838724
C,A,D,E,B,B,6.347264605202752,-1.6674843591501345
C,A,A,E,B,B,6.316466440253542,-1.6646362850676737
B,B,D,A,B,A,30.308575820250205,-1.6608433592166418
A,E,A,C,B,A,5.232945831420644,-1.643341139878479
A,E,E,D,C,B,3.9800290399463494,-1.6405403714914282
E,C,B,E,A,A,3.8586812579686374,-1.6367886331831372
B,A,A,E,C,B,6.491754936465556,-1.6208232797987334
D,D,C,E,A,A,6.721743434084826,-1.6099505625245898
A,A,E,E,C,B,5.482832654089049,-1.6074106337838263
C,B,E,A,A,A,10.569844882239035,-1.5893730315355208
B,A,E,A,C,A,6.471749934542857,-1.5881607551932015
A,B,A,E,C,A,6.388040170785776,-1.5740206912807504
B,D,A,A,C,B,4.754206303361624,-1.5597227072475528
D,E,E,C,B,A,6.218769490281429,-1.5470032586809743
E,C,B,D,B,B,0.07442889876398978,-1.5455556494414204
A,C,E,A,B,B,6.406231670530621,-1.5435315487218844
C,E,C,E,C,A,0.9507333292710597,-1.5213158270495528
D,C,C,A,C,B,1.1423119717253454,-1.514373560549504
C,E,D,C,B,A,3.7747895163197174,-1.507345692774701
C,D,E,D,B,A,6.8019077693901755,-1.498338236674998
A,E,D,C,C,B,3.936084551645018,-1.4764516064975288
E,D,C,A,A,A,7.743197080861442,-1.461517728987502
E,A,C,D,C,B,3.9423282707998735,-1.4606696005106452
B,A,E,B,B,B,5.982210968785645,-1.4565668982100393
C,E,B,E,C,B,0.5779111253949022,-1.443531176798829
E,D,C,D,A,A,7.716935809370432,-1.4382168570481515
B,C,A,E,B,B,7.025740398786943,-1.4345435055868072
A,C,C,B,A,A,8.36699169880124,-1.379252774926987
E,D,D,C,C,B,3.0887710588663437,-1.3764482407381735
A,E,E,C,C,B,4.1261446209661665,-1.3673710417929288
B,A,D,E,B,B,7.942770193936609,-1.3566438056584809
D,E,D,C,A,A,7.530866700117326,-1.3551891640140266
E,C,C,D,C,A,2.5516229492830655,-1.3517339230438394
D,C,E,E,C,B,6.44769122148359,-1.346830931189386
D,E,A,C,A,A,7.662982544794014,-1.340393610037854
D,C,D,E,B,A,6.945381535568667,-1.3314636356643312
A,E,C,D,A,A,5.913059424640258,-1.3260731479769527
D,C,D,E,C,B,5.890569485119509,-1.3076821796974167
B,C,E,A,A,A,9.898610548022894,-1.303107355419084
B,D,E,A,C,B,6.694766801903627,-1.2715071102215374
C,A,E,E,B,B,7.621159038342726,-1.2647174164422554
E,C,E,C,B,A,1.8626238216749034,-1.2516548416049726
E,D,B,D,B,B,2.874394997254788,-1.2441929161489085
A,D,A,C,B,A,2.9309273258180255,-1.233350994525351
E,A,C,E,C,B,4.056252615803055,-1.232254871555087
C,B,A,D,A,B,7.526179204337221,-1.23166703266078
A,E,A,C,A,A,6.865537230063606,-1.2261036014530835
E,A,B,E,B,A,3.67719924290014,-1.2147213583307968
E,D,E,C,B,A,4.875321907006446,-1.210512452744347
C,C,A,E,A,A,9.24684783278842,-1.2099063150012248
D,E,C,A,A,A,7.096328939519437,-1.1897684579008887
E,D,D,C,A,A,7.5499994639995505,-1.1890734045893745
C,A,E,D,B,A,8.46074161426066,-1.1716203392834823
E,D,A,C,A,A,7.141854751844082,-1.1642158736758732
D,D,A,C,A,A,6.180792616854346,-1.1563005086837532
E,A,C,A,C,A,5.188060078732246,-1.1276165138686405
E,C,A,C,B,A,3.46519516712737,-1.073507106311448
A,B,D,E,B,A,7.2782941367668865,-1.072153338780118
A,C,D,E,B,A,8.357930462012938,-1.065345219916655
D,E,C,D,A,A,7.4864515795511215,-1.037264703662277
A,B,E,D,C,A,7.8478782113271635,-1.0040819523447797
B,C,A,E,B,A,6.817288026601294,-0.9950295899846876
E,D,A,C,B,B,2.574439193596812,-0.9587541445242164
E,A,A,C,B,B,3.7458801548163234,-0.9470075925230628
E,E,C,A,B,A,6.7154432389968335,-0.94556941679991
E,D,B,C,A,A,-1.327433541420326,-0.9384286212716078
A,B,A,E,B,A,8.772413019890381,-0.919115826889396
D,E,C,E,B,A,5.32988349489753,-0.9124733095632976
D,A,C,A,A,A,5.121920580133231,-0.9114398818026772
A,D,A,C,A,A,5.6328199686746245,-0.9060121645987862
D,C,E,D,C,B,5.501112005229954,-0.9042522967207376
E,C,D,C,C,A,1.9056395960739632,-0.9011525003314268
A,E,C,A,B,B,3.863688783549031,-0.8882283892459187
D,C,E,A,C,A,5.485355242321081,-0.8834231863893124
B,E,A,B,A,A,4.561786798329787,-0.8802104697371566
A,C,E,D,C,A,4.472134519847642,-0.8779635552871107
C,A,D,E,C,A,4.405712642189329,-0.8771780039172432
C,B,E,A,B,A,8.484668550511197,-0.7981372405152719
B,A,E,D,B,B,8.750720017356162,-0.7759170139632559
B,D,A,A,C,A,5.203854492096752,-0.7572327186760066
A,E,C,A,A,A,6.589000079935659,-0.7524383912154752
E,C,D,C,B,A,2.868170103256409,-0.7408459029677242
C,A,E,A,B,A,9.295442166449895,-0.7399097335099064
E,C,C,E,B,B,3.8828654730222754,-0.7321819347589942
E,A,C,E,A,A,9.0038824395451,-0.7302754857921248
E,D,C,D,C,B,3.921990688663431,-0.7235917975810747
D,C,E,E,B,A,8.899778617789778,-0.7032595206115876
A,D,C,E,C,A,-0.05708453698177257,-0.7020029667958299
E,A,A,D,A,B,-2.0801750812114945,-0.7009415696086092
A,C,A,E,B,A,8.192129908799371,-0.6992897331284978
A,E,D,C,A,A,7.699447120330357,-0.6928064168964243
D,C,D,A,C,B,5.3811133685503,-0.6832215968338257
A,C,E,E,B,A,8.727062910108167,-0.6791911499583371
B,A,D,E,C,B,6.856934075305071,-0.6598779062795277
A,C,E,C,B,B,4.275880931741349,-0.6529132287396294
D,E,C,A,C,B,5.103503177012536,-0.6499815670130543
D,E,B,C,C,B,-1.3118148306339208,-0.6287713955244358
B,A,A,D,B,B,6.461308177029246,-0.6116980168762853
C,A,A,D,A,B,9.34980958728671,-0.5950766205465099
D,C,D,A,C,A,4.2136006163303055,-0.5946189440465165
D,B,A,E,C,A,8.227973249855946,-0.5832259354624287
C,E,C,A,B,A,3.0578599422648796,-0.5825201365928531
C,E,C,D,B,A,2.9152082135074626,-0.5819671093387592
A,B,D,A,B,B,6.4204447601215024,-0.5769483676088457
E,D,E,C,A,A,8.088164139130848,-0.574144852291739
E,C,C,A,B,A,4.674587901410761,-0.5608564292240928
A,E,D,C,B,B,4.727568526244198,-0.5598384740169629
D,C,A,E,B,A,9.074458430042487,-0.5558094621368795
A,A,A,A,C,A,6.143380501973895,-0.5514446531279238
E,A,C,D,B,B,4.745176442143255,-0.550353466213692
E,A,C,D,A,A,8.127759986929867,-0.5391376988595022
D,E,C,E,A,A,6.750991650687664,-0.5326145107289966
C,E,A,C,B,A,4.650115031841409,-0.5208376136579667
E,A,C,A,B,B,3.680317964963378,-0.515673785510186
C,C,A,D,A,A,6.428451781013161,-0.507845203889457
C,A,D,A,C,A,4.699682005352873,-0.504776949184262
C,A,C,D,C,B,2.3590904922422755,-0.4720915990559922
D,D,A,A,B,A,7.957522941675249,-0.4630006534754197
C,D,E,A,B,A,8.992486867480654,-0.4542526060216141
E,C,E,C,A,A,4.355963690821697,-0.436325846948969
B,E,E,B,B,A,5.444115319644242,-0.4285972200526845
D,B,A,E,C,B,9.374069103358622,-0.417673479150218
C,A,D,D,B,A,4.9125959698000985,-0.3944812662543221
A,C,D,D,B,A,4.794071980341531,-0.393004138413784
C,A,A,A,C,A,4.747931208779515,-0.3838540695957251
A,A,E,E,C,A,8.505740318815333,-0.3748435560248272
D,E,E,C,A,A,9.496188722316358,-0.3722403249746985
C,C,D,A,A,A,6.498444187736099,-0.3559331283260464
D,D,C,E,B,B,4.922253340633625,-0.331732491938337
C,D,A,E,C,B,5.988417037342189,-0.3219310428577147
A,B,E,D,B,B,9.515516014182849,-0.3170829436617015
B,A,A,A,A,B,8.466941407860165,-0.2891308573915734
A,B,A,A,C,A,4.249105102430115,-0.2879469795833547
E,B,B,A,A,A,4.383712159768901,-0.2393836683252829
D,B,A,A,A,A,11.604043246449493,-0.234696778717485
C,E,A,C,C,A,3.944643780812532,-0.2262991178335328
E,E,C,D,B,A,7.891483844671731,-0.1935211588161093
E,A,C,A,A,A,7.239683478874616,-0.1787904197978264
D,C,D,A,B,A,7.757196817204571,-0.1732963502683605
B,D,B,E,C,B,5.4494868005802735,-0.1715695972902455
E,C,B,E,B,A,2.7519114230127526,-0.1635784568717262
C,D,E,E,B,A,8.156920352243654,-0.1592967582451765
A,C,D,A,C,A,4.247297875137962,-0.1445845000629464
D,A,E,B,B,A,4.759966840408867,-0.1278556377369779
B,B,A,E,A,A,11.579074644430412,-0.1177588954231461
B,E,D,C,B,A,5.285882530627392,-0.1001319120984404
C,B,B,A,B,A,13.193719272253222,-0.0854350728223457
C,D,D,D,B,A,6.718103879137315,-0.0803043627847791
C,A,D,E,C,B,6.5392009279842975,-0.0783382538571852
A,E,B,A,B,A,4.052173804196274,-0.0716477390558882
A,A,A,E,B,B,7.8511977365100565,-0.0599106337689559
C,E,B,A,C,B,-0.9170486205201613,-0.0592153154666175
A,A,E,A,B,B,7.892776514215,-0.0587987936931636
B,A,D,B,B,A,1.5848128273028437,-0.0408533767196585
D,C,D,A,B,B,6.783069934945035,-0.0404716779294088
D,A,A,E,B,A,9.828442438614845,-0.0361915242325383
C,E,C,A,C,A,2.645592492875939,-0.0160950091964466
E,C,D,E,C,A,5.457726000161518,0.0301236187314906
A,A,E,E,B,B,7.991063323132621,0.0331360456948613
C,C,D,E,A,A,10.18501214709673,0.0370394966184207
D,C,A,D,B,A,8.452722043169565,0.0699206385113991
E,D,A,E,C,A,8.419087535359095,0.0703029339144539
B,D,A,E,C,B,7.438572606651177,0.0988392857869496
D,B,A,A,B,B,7.243178706635609,0.1022079944653545
E,E,A,C,B,A,8.965679662813507,0.1120096365908471
D,C,A,A,B,B,6.316529191179389,0.1150202739298213
E,D,C,D,B,B,4.553811152865381,0.1783094808559124
D,D,E,E,C,A,6.3346077394146585,0.1788449750557807
B,D,A,A,B,B,6.447653570885279,0.1859256856892231
B,E,E,C,B,A,9.150851433448915,0.2036716071260112
A,D,B,E,B,A,4.937589672146713,0.2038729340921114
B,E,B,A,B,B,1.9953922762229441,0.2142952427987446
A,B,B,E,B,A,4.668093178338503,0.2146458906140952
D,D,D,E,C,A,6.1673325386946445,0.2280587259642152
B,B,E,A,A,A,10.684986595660202,0.2428559480735006
C,E,C,A,B,B,2.695573622469451,0.2493185739760988
E,C,A,C,B,B,2.745830856236561,0.249870511232937
B,A,D,E,B,A,8.802282470794639,0.2516175001788203
B,A,E,B,C,A,3.2129865594179283,0.2704609823635205
C,A,D,D,A,B,10.00696260893472,0.2771266369305982
A,B,B,E,C,A,4.716248255483385,0.2971027764693268
C,B,A,E,A,A,11.865702146987108,0.3072555423164265
D,C,A,D,B,B,7.670795037808415,0.3215072852545834
C,E,C,E,C,B,2.611098297188761,0.3263432184860714
E,B,B,E,B,A,6.40805772305059,0.3282565933478662
C,D,A,E,C,A,5.245671723519661,0.3292711858217912
A,B,E,D,B,A,9.339286253441088,0.3304055434474076
B,D,D,A,B,B,7.929259915014829,0.3365418493973502
D,B,A,D,B,B,7.948135399986941,0.3380353890481276
D,A,D,E,C,A,7.650840236255428,0.3539639689542055
B,D,D,D,B,B,8.753738337895243,0.3830449085385909
A,A,D,D,B,B,7.119634641397212,0.3859516065529037
C,E,C,A,A,A,5.348225596857271,0.3899537376838601
E,C,A,C,A,A,5.402480066006162,0.4010678134091493
C,A,A,E,C,A,5.951255926343472,0.4037859530272157
C,E,C,D,C,B,3.186392707784514,0.4039598777519488
E,C,C,D,B,B,4.852995119900031,0.4299510936659519
B,E,E,C,B,B,6.954198043610623,0.4332437005037654
C,D,D,D,B,B,7.950193631125158,0.4471291348079622
E,B,C,E,B,A,9.013451959018235,0.4494001236512189
D,D,D,D,C,A,5.914753700458505,0.479270267762057
D,B,A,D,B,A,8.613835100674368,0.480611848711727
B,D,D,A,B,A,8.551592435932976,0.4839567854053487
E,C,B,E,B,B,3.7993125864727992,0.4896910892527214
A,D,E,E,C,A,7.387738064137997,0.4998838749565168
A,A,C,D,B,A,8.144401538221333,0.5077958032006306
D,D,D,C,A,A,3.483581194713803,0.5133133220816846
B,A,E,E,C,A,10.939171858425539,0.5286205015364885
D,A,E,E,C,A,7.495236712165824,0.5410490005221187
A,B,A,D,B,A,6.580629103510014,0.5437665783410892
A,A,C,D,C,A,7.7821089431835055,0.5489991564303073
C,E,A,C,A,A,6.370124775392877,0.5725360516555592
C,E,D,C,C,B,3.6949452108503262,0.5782255331378751
D,E,E,A,C,A,7.755031909513819,0.5906452208308137
C,E,C,D,B,B,3.9576018513871163,0.603158049677421
C,E,D,C,B,B,5.04554012692624,0.6102704158885992
A,A,E,D,C,A,8.578845172466123,0.6611333668164097
C,B,D,E,A,A,11.292855023141405,0.6677044616068443
E,C,C,D,A,A,7.45939964610196,0.6734169658658027
A,D,D,D,C,B,5.943418333144215,0.6751044992031534
C,B,D,D,A,A,5.918769760854083,0.6875882037425678
B,C,E,D,A,A,11.234496642058199,0.700336668679573
C,A,A,E,B,A,9.314280000895035,0.7279925109384024
D,A,D,E,C,B,6.533183112133951,0.7397224095022009
A,B,E,A,B,B,9.547431146025886,0.7431302790375663
E,C,C,D,C,B,4.089178037844706,0.755676476824308
E,C,C,A,B,B,3.8019669515849017,0.7646957025972378
B,E,D,A,C,B,7.333464769832631,0.7722389111440202
C,E,A,C,B,B,3.8579721721998177,0.775715267235139
E,D,A,D,C,A,7.368486073610809,0.777785083990497
D,D,E,D,C,A,6.303364042385431,0.8078358136588296
D,A,A,D,C,B,5.764025924783866,0.8232634996974524
B,E,E,E,C,A,9.235709539598417,0.8361107742161608
D,A,A,E,C,B,6.255033262733788,0.8413034127056968
E,C,E,C,B,B,6.063548746775281,0.859005392250373
D,A,E,D,C,A,7.561966069639007,0.9162964129789004
B,A,E,E,A,A,15.422620373898607,0.931421062337942
B,C,D,A,A,A,7.661551823199616,0.9333085292726254
B,E,D,C,C,A,5.592546410534038,0.9340552312540852
B,A,D,D,B,A,5.170389411978682,0.9349380878681908
C,D,A,A,B,B,7.196247273079771,0.9455095223103565
B,A,A,B,B,A,2.9673793511192623,0.9557917532074948
C,E,E,A,C,A,8.313264337600671,0.97792815883501
E,B,D,E,C,A,14.21951528443243,0.9881664101014052
A,C,E,D,B,A,7.714363020483331,1.008560606248718
C,B,A,A,A,A,7.764425726373185,1.0277627632342523
C,A,D,A,B,A,8.131531318900128,1.0469438791849968
C,E,E,E,B,A,8.94442591683155,1.0469783708672482
C,C,E,B,A,A,13.143148283642862,1.0479416124069136
C,D,D,E,B,A,8.003732739405509,1.0481991955446124
B,C,A,A,A,A,7.723819588304213,1.0488326337632083
E,D,D,E,C,A,7.890724558247841,1.0638007276917645
D,B,D,D,B,A,9.099784712460167,1.0661838015542071
B,D,D,D,B,A,9.192612188974357,1.0757919368143367
E,E,D,C,A,A,10.656836520652037,1.082544308299998
D,D,B,E,B,A,6.399561244808922,1.084886705767703
C,A,D,E,B,A,7.644533766246066,1.088334600510232
D,B,D,E,B,B,8.905765058141531,1.099247789077856
C,B,A,D,A,A,7.692061333847129,1.135294101976944
A,C,E,E,C,A,8.267826376850435,1.1694566193251932
E,E,A,C,C,A,9.892385653881837,1.1885340847338464
E,E,C,D,A,A,10.700530005321324,1.198027893235883
A,D,D,E,C,B,6.471078499372349,1.2365716002636058
C,A,E,E,C,A,8.718403279202477,1.25229380514443
E,E,C,A,C,A,9.048912519562695,1.2579528146437786
A,C,A,A,B,A,8.695856863962609,1.2840103871994004
B,D,E,A,B,A,11.69746058183785,1.295310889123935
D,B,A,E,B,A,11.46995074693093,1.301112505277776
A,D,D,E,C,A,7.906475045842978,1.3236864977549698
B,A,E,A,B,A,11.72509609909713,1.3332335455852942
B,E,C,A,B,A,5.741586185739838,1.3591869113642148
A,D,A,A,C,B,5.871273568822951,1.375573050630716
C,E,C,A,A,B,4.6711428743761765,1.3769687169602771
C,E,C,A,C,B,2.2095047837176596,1.3831173551672775
E,C,A,C,A,B,4.736937242704689,1.3925784794820208
D,A,A,A,C,B,5.934357096284574,1.4047137476613452
D,C,D,E,B,B,9.051730036982121,1.416906740037893
D,D,B,E,A,A,9.022011188257089,1.4233838778353622
B,E,D,C,A,A,7.9820899376690395,1.4291148898610604
E,D,D,D,C,A,7.451185546955259,1.4355475360950485
D,E,D,D,C,A,7.425809063953849,1.4410183409710668
A,D,A,D,C,B,6.192244664744918,1.449276885845577
D,A,D,A,C,B,6.2221078406921375,1.4513835255889205
C,E,C,D,A,A,6.3614212189675055,1.4647057695328627
C,E,E,D,B,A,10.650837530029508,1.4857807090234652
C,A,A,D,B,A,8.192518964696564,1.4962672884740955
B,A,E,D,B,A,10.633217064073694,1.5033932942399102
E,A,A,B,B,A,6.053690572893439,1.523582049910307
D,A,E,A,C,B,6.552667281279387,1.5246808000314926
C,C,E,B,B,A,16.659931004678924,1.529519002360612
E,C,A,C,C,B,2.192888333074758,1.53026853673693
A,B,B,A,B,A,4.243451242149427,1.530926663582415
A,D,A,E,C,B,5.795664952310626,1.531014957783172
A,E,A,C,B,B,0.8535885873607831,1.5328522931551574
C,D,A,D,B,B,8.289368776848729,1.546783838002986
E,A,B,E,A,A,8.19857443110955,1.566616793286412
E,A,A,A,B,A,10.860827300433431,1.5719862852039557
E,B,A,C,B,B,5.033435469199984,1.5866869803836872
B,D,A,A,B,A,9.408575849530594,1.5926169360632063
A,E,E,B,A,A,8.227069636316878,1.592681915316121
C,D,D,E,B,B,9.072952407394146,1.594076252054488
D,B,A,A,B,A,9.84544167026924,1.600480054702482
A,B,E,A,C,A,8.973736884574253,1.6009131960269964
E,B,B,D,B,A,5.056534092929725,1.6258591494454673
E,A,C,A,C,B,7.135849486157504,1.635975145095861
C,D,A,D,B,A,8.971553151441665,1.643182053641158
E,C,D,C,A,A,6.19565831628091,1.654773795177653
A,B,E,A,C,B,9.500769541401247,1.6719249927027815
A,C,D,A,B,A,8.94424393908239,1.7520131245443251
D,C,A,E,B,B,9.034379400028845,1.7527181176334832
E,B,A,C,B,A,5.7573429487200505,1.7529023970111164
C,D,E,A,B,B,8.994796102393593,1.7659306244860933
E,B,C,D,B,A,8.967668867783479,1.799944754820034
E,A,E,E,C,A,10.516324599257839,1.8022164223165984
B,D,A,E,C,A,6.70399119121327,1.814414562413676
A,A,E,E,B,A,12.406282733548212,1.8187287991597536
B,A,A,B,C,A,-1.504284536534846,1.8297050787289435
C,D,D,A,B,B,8.977269762719539,1.841196556248298
E,C,A,E,C,B,9.478530605690892,1.8435316172261955
A,D,D,A,C,B,7.311727841529043,1.843627074133573
E,D,B,E,B,A,8.754265445843565,1.8822484092762692
C,D,D,A,B,A,9.58829456293363,1.8861287822420305
A,A,A,E,C,A,10.813393859542163,1.9134877923304952
C,D,A,E,B,A,9.397569333399012,1.9231585116532215
A,A,E,A,C,A,10.858769069437894,1.9246522189519832
A,C,E,A,B,A,9.851371634794866,1.9632003474277664
C,D,A,E,B,B,8.863514845266078,2.0113271714642567
A,C,A,E,A,A,15.659473824867144,2.015085935649877
C,E,A,C,C,B,3.6476874724658206,2.024052525377574
A,B,E,A,A,A,14.635623091888537,2.0251913676581075
A,A,C,A,B,A,9.237912097958821,2.042408608715492
C,D,A,A,B,A,9.794569477229087,2.054558743275999
E,A,D,E,C,A,10.677475307218273,2.055901098902035
E,D,E,B,C,B,7.128852755607138,2.0771261315640484
D,B,D,D,B,B,11.3597036074379,2.102173984637599
D,C,E,E,B,B,11.088142607463094,2.108478737931603
B,E,C,A,C,A,5.773777421613794,2.1417702999604757
A,D,D,A,C,A,8.959906575638165,2.187275247994109
C,E,C,C,B,A,11.40347866833219,2.195881569480386
C,A,E,A,A,A,14.911275453669562,2.201553067898483
D,D,E,A,C,A,8.503506384742318,2.202723481255034
A,A,A,A,B,A,10.163476021948467,2.221829414432838
C,A,E,D,A,A,16.569939870954656,2.2388329777901164
A,C,D,E,A,A,16.522349552463417,2.249813898426225
D,B,E,A,C,B,10.100976078332632,2.2743360138775413
A,E,E,A,C,A,11.740037099755988,2.277144683763776
C,E,A,B,C,B,2.3947706808488465,2.2843493742905725
E,C,D,E,B,A,13.107279842116075,2.2897057054846583
E,E,D,C,B,A,9.774846854508366,2.291364546761257
E,E,B,E,A,A,10.93690027396823,2.30561342520175
E,C,E,E,B,A,12.74461701676557,2.369913757427434
D,D,D,D,C,B,6.9109249901944425,2.3971206330340964
A,D,B,E,B,B,5.062388756330068,2.4354936286495663
B,A,A,E,B,B,11.703585074312072,2.4483695056265296
C,A,B,D,A,B,7.154681045574265,2.4644516961014062
A,D,A,E,C,A,9.796094325247925,2.4754691660669192
E,B,A,C,A,B,6.273438115655045,2.555373871324022
D,D,E,D,C,B,6.9999058337200974,2.556496665091065
A,B,E,A,B,A,12.60802702948519,2.5760407232329072
D,B,D,A,B,B,9.670278675694899,2.582264946425331
E,B,A,C,A,A,7.759267598470886,2.588668921001683
D,D,D,C,C,B,3.281805523313902,2.591266820203858
E,A,E,D,C,A,9.971106717571699,2.6182896312363253
D,A,D,A,C,A,8.992179387879803,2.6191198794136104
A,D,A,D,C,A,8.97331017807875,2.621994306689095
B,D,A,D,B,B,9.715578584679365,2.6336594564624525
B,D,E,A,B,B,12.609589528030998,2.639992306488516
A,E,D,E,C,A,10.025474138444183,2.6538463073663903
E,A,A,E,C,A,14.066290021209992,2.659569848355856
B,E,C,A,C,B,4.474519055743186,2.688588249106931
A,D,E,D,B,A,12.218167943499006,2.6911291755315494
E,D,E,D,C,B,5.524442807292585,2.695288017577579
B,D,A,D,B,A,10.77049103658134,2.700485203108484
D,B,D,A,B,A,10.839950060291908,2.703490110667395
C,C,E,C,A,A,17.283355392020685,2.716233364070628
A,A,A,D,C,A,9.46906776301998,2.7245564974712395
D,B,A,E,B,B,12.578308180760159,2.7393668842989984
C,E,E,A,B,A,12.917062895301962,2.748037551578498
E,A,D,E,C,B,8.455194430746529,2.7832929886077404
E,B,C,D,C,A,9.583676093250428,2.8001207016783423
D,E,B,A,B,B,5.548696048514467,2.807810710576107
E,D,B,E,A,A,10.806924236654762,2.855897085363044
A,A,C,D,A,A,8.744118617660028,2.866497910993725
A,E,E,A,C,B,8.619344633946888,2.87941740976216
A,E,D,D,C,A,11.008241826024896,2.9146188225495204
E,A,D,D,C,A,10.73783544354223,2.916945529164657
B,E,E,E,B,B,9.32101317754258,2.924250537676977
B,D,D,E,B,A,11.599776181993834,2.9510222994914166
C,D,E,E,B,B,8.65661242149814,2.9814890741708715
A,E,A,E,C,A,10.500655687602347,3.0098522527383014
B,A,A,D,B,A,9.603166537424244,3.020823827320319
B,E,E,A,B,A,13.1077943999363,3.0422759627903337
A,B,D,A,B,A,9.29542334115074,3.043761284051567
A,C,D,D,A,A,14.237920137425029,3.0499000454024223
C,A,D,D,A,A,14.139056019761338,3.0508328539105243
E,E,A,C,A,A,12.007801667361658,3.0840849223190228
E,E,C,A,A,A,11.83108244926989,3.103400995503438
E,B,C,A,A,A,9.57184753962643,3.127330072190694
E,E,A,C,C,B,5.99925412606673,3.197662772325772
B,A,D,E,A,A,15.10808752511576,3.2042446840138354
E,B,D,C,A,A,7.368253894992562,3.237658189869129
B,A,E,A,A,A,15.415146736019318,3.2818023148168423
E,A,A,A,C,B,7.478193555027419,3.3023529282455675
D,D,C,E,C,B,4.2641151289718575,3.344564491412062
D,B,E,D,B,A,13.911746987902733,3.36073783537757
A,B,A,E,A,A,17.49368401755972,3.3841712009456284
B,E,A,C,B,A,10.247198335976325,3.4093775818460337
A,A,D,D,B,A,12.048815686626979,3.43616854170887
E,C,E,D,B,A,13.697239149268427,3.4777733435174105
E,C,D,D,C,B,9.29893111911117,3.4808726336811486
A,B,E,D,A,A,15.212643153658451,3.4854172767565923
D,A,E,D,B,A,12.62708449220646,3.4958351570595574
D,D,E,E,B,A,11.546431601662078,3.5156502790205173
D,C,A,E,A,A,17.301885746793634,3.5347699499875427
C,D,E,A,A,A,17.31866535013623,3.543336217944848
A,D,E,E,B,A,12.586785833845349,3.558894716709284
D,D,D,D,B,A,11.510977316360016,3.578808247965632
D,D,E,E,C,B,7.470613240274567,3.593886708343188
B,D,E,E,B,A,15.10213246019126,3.624858292433613
D,A,E,E,B,A,12.406634138847092,3.627576797738304
A,D,E,C,C,A,5.503239262393735,3.640249604566829
D,A,D,D,B,B,9.829408803186768,3.721093272725205
A,D,A,A,C,A,10.764310068209651,3.770824066211007
B,D,E,D,A,A,16.91122344861419,3.7741822478087768
B,D,E,D,B,B,11.801507927731373,3.7840075683928793
C,C,D,A,B,A,26.384658677471307,3.802954226711545
D,A,A,A,C,A,10.644223580276616,3.80464254835112
B,E,E,D,B,A,17.556083559687067,3.814989848424697
E,D,A,D,B,A,13.793147697318883,3.817575456604085
C,E,D,D,B,A,13.400351866947279,3.877449053437691
D,A,D,D,B,A,12.06093916958105,3.878678391636391
A,A,E,A,B,A,14.079517920929796,3.882105212670607
A,E,D,A,C,A,13.404631481602376,3.918038134465703
B,D,E,E,A,A,19.177938271236656,3.9399720800407634
A,A,A,E,B,A,13.551330646396643,3.9794508766235976
A,D,E,A,B,B,10.969179361380926,4.013911340038223
B,D,D,E,B,B,13.669816985256897,4.03394472426527
E,B,A,E,C,A,12.147416250459187,4.049374102335761
E,D,A,E,C,B,7.674428317620538,4.120317032358575
E,B,A,E,B,B,12.065940420133064,4.1295537915212295
A,E,D,D,C,B,10.056435456057415,4.154029552411923
E,D,A,E,B,A,14.064733797621223,4.188914329164912
E,C,D,D,B,A,13.520375604025809,4.214325948330228
C,E,D,A,C,B,9.815283564920607,4.267801382550727
D,A,E,A,B,B,10.25517398136939,4.2853116335827846
B,A,A,E,A,A,17.617209257498963,4.298588357924404
A,D,A,D,B,B,9.883989577307004,4.3301281625636765
A,C,C,B,B,A,5.419918554319827,4.350481611761419
A,C,E,E,A,A,18.372385534090434,4.350582900000734
B,E,C,D,C,B,8.276090676259837,4.351594352213896
D,C,D,B,B,A,4.728246236514425,4.390495348307019
E,D,E,D,B,A,12.177053522745199,4.421966958989775
E,C,D,A,C,B,9.522556670502583,4.422141244621382
C,D,E,D,A,A,19.314584734307495,4.426075573485719
D,A,E,D,B,B,10.514184791965961,4.4452732651136895
C,A,A,E,A,A,17.242291172028956,4.446198492080568
A,C,E,A,A,A,17.0812032149587,4.448656096529623
D,C,D,E,A,A,19.25559256865209,4.482678862054533
B,E,A,C,C,A,11.039516898481375,4.488095648930881
E,C,D,E,C,B,10.68611611261079,4.5052480549126175
C,A,A,D,A,A,16.238985099263488,4.50530966932781
A,E,A,E,C,B,8.542524923830937,4.507176104038139
B,E,E,E,A,A,19.713699585137583,4.523601269258478
B,A,D,D,A,A,14.47115285874521,4.5515875185138
E,B,A,D,B,B,10.947404782621707,4.556706469079698
B,A,A,E,B,A,15.227320600271808,4.560089656266056
D,A,B,A,C,B,6.850382876049988,4.568846601832807
B,E,E,D,C,B,11.14530244549881,4.606590412138012
D,E,E,A,C,B,7.801480160676686,4.606746060521564
A,D,E,A,B,A,14.479272831324792,4.623777706878034
E,C,E,D,C,B,10.019468872650595,4.657338213726844
C,E,D,E,C,B,10.44802646813913,4.697445138652907
E,B,C,A,C,A,10.415019469587119,4.71147541353882
E,A,E,D,C,B,9.662083401811685,4.731550420123274
A,E,D,E,C,B,9.658104991871738,4.735542229060834
D,E,E,E,B,A,12.206188787553103,4.747044010653335
A,B,D,D,A,A,14.782566985429147,4.769563927024781
D,D,D,A,B,A,13.007217181404894,4.79171897346733
D,D,A,D,B,A,12.991228240020451,4.796501152334521
B,D,E,A,A,A,19.330096768505694,4.815678293030532
D,A,E,E,B,B,10.916945472700602,4.829741104823201
A,E,E,A,B,A,16.646270123363898,4.892213889180236
A,E,E,E,C,A,13.165638223341961,4.913593752888373
A,C,A,A,A,A,15.429246873922274,4.923716136069644
A,E,D,D,B,A,14.706619513781709,4.980916970529399
E,A,E,E,C,B,10.586417407611945,4.982842081677503
A,D,E,E,B,B,11.0021800846192,5.015144991940093
D,B,E,A,C,A,13.80115471821054,5.045512953684885
E,C,A,A,C,B,9.00445347322712,5.067470804364363
D,C,D,D,A,A,17.935350285766397,5.069027599525748
D,B,E,A,B,B,12.916397735231172,5.085705228841763
B,D,A,E,B,A,13.737506432273625,5.099207866582441
B,D,A,E,B,B,12.843612911380673,5.10638149093901
E,A,D,E,B,A,15.663985618033477,5.112960020311158
E,D,E,E,B,A,16.09382960775154,5.140476704184842
D,E,D,D,B,A,13.520827410848847,5.161875480083728
D,E,A,D,C,B,7.83238500246379,5.1690672540110665
A,E,D,A,C,B,10.943570699832609,5.171023447452139
E,D,D,E,B,A,15.537994265759671,5.220568415917234
A,A,E,D,A,A,20.252485494605974,5.23914706072895
D,E,D,E,C,B,8.258514136002052,5.240089102431948
D,E,D,D,C,B,8.781737810652842,5.269437723769223
A,C,E,D,A,A,17.82264958420958,5.270537948550614
E,D,D,D,C,B,8.691313695476031,5.284036584997616
E,D,E,A,B,A,13.543060071459484,5.293644724894818
A,D,E,D,B,B,10.882972109862028,5.296194630402791
C,A,D,E,A,A,17.788236964711732,5.3082225342804765
E,A,A,C,C,B,4.316116839033935,5.314970637769488
D,E,E,D,B,A,14.320305856282928,5.332472238878957
D,C,E,E,A,A,20.740813367330276,5.333386791877031
A,C,D,A,A,A,16.48119120604725,5.333636656073499
E,B,C,A,C,B,8.79690471461621,5.335596675740948
C,D,E,E,A,A,20.77039416389717,5.359638121771238
E,B,E,D,B,A,16.389179491854417,5.392084120943799
E,B,A,E,B,A,18.159848075233953,5.435153381185023
D,E,E,D,C,B,8.781511907348332,5.448160951004046
E,D,D,E,C,B,8.669225361873563,5.4492469703653486
D,A,A,E,B,B,11.178604373166877,5.465558893438713
D,A,E,E,C,B,11.557419292565845,5.472183717196558
A,B,A,D,A,A,15.985050840415553,5.48417032677184
E,A,E,A,C,A,13.694434181977098,5.489056473214161
A,D,E,E,C,B,11.565903220536736,5.498402779847575
B,A,E,D,A,A,18.29010021672102,5.572493371471341
E,D,E,A,C,B,7.43762506737841,5.573559214504755
A,D,A,D,B,A,13.897816277585168,5.584578379997774
D,E,A,E,B,A,12.937839733990666,5.588572022290885
C,E,E,E,C,B,12.901393983789148,5.589656972842784
E,A,E,E,B,A,15.911136499436116,5.593897860813529
C,E,D,E,B,A,13.993498922188435,5.638213853694898
A,E,E,E,B,A,15.546691547049655,5.668437732127486
D,B,A,E,A,A,21.578231035557458,5.682710906898585
C,E,D,A,B,A,14.817331010297213,5.684744207640117
E,C,A,D,B,A,14.958539467189455,5.689257622319157
C,E,A,E,C,B,9.62641576354723,5.69429612097164
E,D,D,A,B,A,14.033885431945606,5.76167677067436
A,E,E,D,B,A,16.044538738485016,5.7668600905755385
C,E,E,E,B,B,11.895885352663274,5.788199040898894
E,C,E,A,C,B,9.515773292914611,5.78837827778186
D,E,E,A,B,A,16.94505875947298,5.873940868084044
B,A,A,A,A,A,16.37636574839501,5.906093396820691
C,E,A,D,B,A,15.281280139947944,5.939570319449686
E,C,D,A,B,A,15.567694289185548,5.944286974921409
C,D,D,A,A,A,18.85523524907648,5.988337994420908
A,D,D,A,B,A,15.220612523951797,5.988947218313731
B,D,E,E,C,B,16.850267178530366,6.057665162670872
E,A,D,D,B,A,15.642976600797866,6.061562762073396
D,E,D,E,B,A,14.020513205003615,6.064713451967658
D,C,E,A,A,A,18.70930164580582,6.101421776686742
C,D,A,A,A,A,17.300455025199238,6.117274822757866
C,D,A,E,A,A,19.428634581198036,6.195606702389004
E,C,E,E,C,B,13.904938510058566,6.254807960393797
C,D,A,D,A,A,18.4979376296693,6.260491069683242
D,D,A,E,B,B,11.304489048816807,6.303588941799544
D,B,E,D,B,B,15.91107374851027,6.335379356811493
D,D,D,A,A,A,21.562819402883417,6.385759477656788
B,D,D,E,A,A,19.655567107430226,6.393429875485728
D,B,E,D,A,A,19.58681089431742,6.395178960887489
E,A,E,D,B,A,15.876096370430123,6.40526305954705
A,E,D,E,B,A,15.924270272731482,6.445527808499461
D,D,A,D,B,B,10.949180634415267,6.448382509742408
D,C,E,D,A,A,19.85595598286242,6.450505777775909
A,B,E,E,A,A,18.164359868328948,6.472451438841794
D,D,D,A,B,B,10.970616358075043,6.499379147381857
D,B,D,E,A,A,21.02863941293446,6.525297162978168
E,A,E,A,B,A,16.2059216250637,6.584305057866827
C,D,A,A,A,B,11.632971433216373,6.597723245396677
A,E,A,E,B,A,16.48897232349172,6.6301425861142045
E,A,E,A,C,B,10.805349187838177,6.717114698245459
C,E,A,A,B,A,16.04371042596422,6.721177276176903
B,E,E,A,A,A,20.570708099098407,6.737075875700975
E,E,B,A,B,B,7.600187671776765,6.7631460479656935
D,B,E,A,A,A,21.534110844428337,6.766210824296244
B,D,A,E,A,A,21.436338593259602,6.795636184964488
E,B,D,E,B,A,19.590519475326165,6.799986939115514
C,E,E,A,C,B,13.169428380433029,6.810282633073198
C,E,D,D,C,B,11.854796032379681,6.894713812501952
C,E,A,E,B,A,15.639995930785757,6.90139421520488
E,C,E,A,B,A,15.66633250340205,6.903185617954115
A,D,A,A,B,A,15.32373115587171,6.934879860808181
D,B,E,E,B,B,17.951081948276396,6.951830439733447
B,D,E,E,B,B,18.077851412201905,6.978928535197738
D,B,D,D,A,A,19.115206149109582,7.009119429852518
B,E,D,A,B,A,17.424821127858706,7.088812049994026
E,B,A,D,B,A,17.512760305615817,7.115429839690736
E,C,A,E,B,B,14.441728939528602,7.116399946165667
A,E,E,A,B,B,13.574736749727235,7.138928483781196
C,E,D,E,B,B,13.780202176872395,7.195553534378141
E,C,A,D,C,B,11.645527897729997,7.2988199266656
A,A,A,D,A,A,20.79087607314879,7.304078838097607
A,A,D,A,A,A,20.72489972707112,7.307714459809389
D,B,E,E,A,A,21.185943487835022,7.37243943587182
D,D,E,E,B,B,11.885205141360359,7.3846779207773245
E,D,D,A,B,B,12.470288699955066,7.38494385050177
A,E,A,D,B,A,16.741425660090183,7.484439184941257
B,E,D,D,B,A,18.53861906886355,7.520726181561859
B,E,D,E,B,A,18.892979943920984,7.544392019274816
E,B,D,D,B,A,18.48046149082866,7.553608003641946
B,D,A,D,A,A,19.491611432035786,7.557747043607458
C,E,A,D,A,A,20.445457208092016,7.568739976721012
A,E,E,E,C,B,13.414339053233652,7.588009676903527
C,D,D,E,A,A,20.87752885642668,7.620933522768767
A,E,A,A,B,B,12.38736332287807,7.635791935607552
E,A,A,E,C,B,15.62237546490128,7.66981034759967
E,B,A,E,A,A,21.943686278178205,7.698523644749867
E,A,D,D,B,B,13.811922780766837,7.731297739837952
C,E,E,E,A,A,22.325513242945195,7.772847877417348
A,E,A,E,B,B,13.456626916564735,7.797138172410717
E,B,E,A,B,B,14.08305079921776,7.8122436099171555
A,E,D,D,B,B,13.927936732335489,7.835664384515214
E,C,E,A,B,B,13.90193901481864,7.993115032478893
E,C,D,D,B,B,14.649196121771832,8.061400589000034
C,E,D,D,B,B,14.869081716584567,8.07634683803955
E,B,E,A,B,A,20.461998357787984,8.085137651495373
A,E,A,A,B,A,17.56633706442314,8.199587612237137
A,E,E,D,B,B,12.849103619211357,8.239014241475699
E,C,D,E,B,B,15.969683133368202,8.264685172193762
E,B,A,D,A,A,22.010057955252787,8.302132930141417
C,E,E,A,A,A,21.755577763121707,8.343953275179759
E,A,D,E,B,B,14.462204573644835,8.362559921342532
C,E,E,A,B,B,13.75889823016403,8.472132885369577
E,A,A,E,B,B,14.951781190214376,8.484607498251798
C,C,C,D,C,C,25.770358277915033,8.488853500912853
C,C,D,D,C,C,28.01689239560866,8.534856445357399
E,D,A,E,B,B,12.49293551686177,8.549154007488392
E,D,E,D,B,B,12.871311179565799,8.557073709890561
E,D,A,D,B,B,12.269498218390575,8.563635195526578
A,E,D,E,B,B,15.430508167931281,8.72049458842941
C,E,E,D,B,B,14.692274647239417,8.720922338979488
E,A,E,D,B,B,14.462706581194281,8.734192306286939
E,D,A,A,B,B,11.831553081427751,8.806481660716697
E,D,E,A,B,B,12.436359262671843,8.884495322180198
A,A,D,D,A,A,23.26943181912969,8.888829306610374
E,A,E,E,B,B,15.361030318992897,8.95212706511746
C,C,B,D,C,C,24.485871484939544,9.029297811564048
A,E,C,D,A,B,12.047548117446913,9.049628040231864
B,E,A,E,B,B,16.1348938277076,9.060802557549852
B,E,A,A,B,A,19.666874828134283,9.11403698430988
D,E,D,D,B,B,13.392282095058436,9.158494195791771
B,E,D,E,A,A,22.369426355926283,9.168058537688768
E,C,A,E,A,A,24.01363295494549,9.202536093778468
A,A,E,A,A,A,24.53226953528683,9.22731986537526
D,E,E,A,B,B,14.092375589980223,9.239832191581106
A,A,A,E,A,A,24.52944574264284,9.346243417087509
A,A,D,E,A,A,24.642165269463142,9.348300376187728
E,C,E,E,B,B,17.170165233113856,9.368009872677671
D,B,E,A,B,A,9.238288603513897,9.39540195329286
B,E,A,E,A,A,20.00130600232296,9.416238209637449
E,B,E,A,A,A,19.996838134854656,9.417568008251116
E,B,E,E,B,B,19.132029678150207,9.456946584048588
C,E,A,A,B,B,13.825539736383833,9.487476533910298
E,C,D,A,B,B,14.975438297319693,9.534239216358197
C,E,A,D,B,B,15.102057159065977,9.534774653914448
E,A,E,A,B,B,13.7553904522036,9.5723989798605
C,E,D,A,B,B,15.06902506032911,9.593380588077489
E,C,A,D,B,B,15.122118636957483,9.5949318330205
E,B,D,A,B,A,20.464338968199517,9.600613973875316
B,E,A,D,B,A,20.603727647671505,9.60581746882027
D,E,E,D,B,B,13.987688184414782,9.622631903885166
D,E,E,E,B,B,14.039840496870106,9.626669808813086
E,D,D,E,B,B,13.967112148774392,9.655322952546769
E,D,E,E,B,B,13.873732463913008,9.668910966057826
B,E,E,D,B,B,16.781987872425454,9.6813735351802
A,E,A,D,B,B,16.383902137200142,9.718602322459862
C,A,E,E,A,A,23.413093838121387,9.742565940410367
B,E,A,D,A,A,21.790680643089217,9.858009129458695
D,E,D,E,B,B,13.93984058701343,9.974436493109044
E,B,D,D,A,A,21.163127243307255,9.991164036366404
C,E,A,E,B,B,15.166056850301775,9.997609752151885
E,C,E,E,A,A,24.44554145086582,10.000578618105092
B,C,D,E,C,C,29.01674089135413,10.080124989707176
A,D,A,E,A,A,25.50105631191274,10.219724475854038
C,C,A,C,C,C,25.53181055123526,10.316225171673024
C,C,C,A,C,C,25.622341343035945,10.437083598530323
D,A,E,E,A,A,26.55848507684002,10.520421293554069
A,D,D,E,A,A,26.058824383012787,10.6358924318399
E,B,D,D,C,B,17.015308445177368,10.647617620993472
C,C,D,E,C,C,30.430607587740543,10.66533243702327
C,C,E,D,C,C,30.113552150618656,10.66780737812872
A,D,E,A,A,A,26.80215955581649,10.725720357219611
C,E,E,D,A,A,25.76230105615429,10.76163382004184
E,C,D,E,A,A,25.96816181418935,10.786509419448691
E,B,E,E,A,A,23.359128023345534,10.916502594095808
A,D,E,E,A,A,26.849172565597332,10.936333904039111
E,C,C,C,C,C,18.51702646799617,10.9374704862108
C,C,C,E,C,C,28.424748453605115,10.969888446793048
D,A,D,A,A,A,24.566111121191827,11.056148663553616
D,E,A,E,B,B,13.293901159716377,11.067430889814696
B,E,E,A,B,B,17.396049818549123,11.212630882413952
D,D,E,A,A,A,27.059350588850133,11.457257903849756
B,E,D,A,A,A,23.014581396400573,11.467603657602533
D,D,D,D,A,A,26.389183020730073,11.471991447904172
B,E,A,A,B,B,16.67470257771672,11.487180312219673
E,C,E,A,A,A,23.810589714436865,11.540325049055967
B,E,D,D,B,B,19.984356971394973,11.622023707130824
E,B,D,D,B,B,19.901619847238194,11.636020452776595
D,D,D,E,A,A,27.40836508322773,11.636718634256816
E,C,A,D,A,A,24.11863411524717,11.654771844033071
C,E,D,A,A,A,23.651999245057084,11.658827271456962
D,D,E,E,A,A,27.276531617788688,11.672311814986376
D,D,A,E,A,A,27.031884499176243,11.697065005539836
B,E,E,D,A,A,24.603623637560766,11.744219562689596
D,A,A,D,A,A,26.401118250942275,11.781449012000444
E,B,D,E,A,A,24.641111053530828,11.830377902944774
E,E,A,A,A,A,25.01444781515587,11.86906914130436
A,D,A,D,A,A,25.87045858911752,11.882244362817245
A,E,E,E,B,B,18.269053548958436,11.990868291580789
B,C,E,E,C,C,30.94131244836901,12.023952257465025
B,E,A,E,C,B,17.801747243883202,12.043206026344958
E,B,E,A,C,B,17.7815916392819,12.05765241608343
C,E,A,A,A,A,22.789914179383292,12.089545137171978
E,B,D,A,C,B,16.86039518134341,12.111627125191234
B,E,A,D,C,B,17.07452023903756,12.17633229462525
C,C,A,D,C,C,31.69057758573401,12.225448772320911
C,E,A,E,A,A,25.325836841440932,12.312094383546698
A,E,A,E,A,A,27.12709023659327,12.313602850431309
C,E,D,D,A,A,25.019743995109298,12.465735395792391
E,C,D,D,A,A,25.003767603924295,12.465948180499458
E,B,D,A,B,B,19.78832928687855,12.515198972552277
B,E,A,D,B,B,19.400559807315155,12.52369797336106
C,C,C,D,B,C,29.208539162084545,12.533123798929022
A,D,D,A,A,A,27.67927974846657,12.609586297026306
D,E,E,E,A,A,27.61417564053638,12.701851667506
C,C,E,E,C,C,31.704062764114237,12.718274063609677
E,C,D,A,A,A,24.886090752214336,12.95977907283705
E,E,E,A,A,A,27.312694988788227,12.981546422080145
B,E,A,A,A,A,23.393766546290568,13.101545925357197
E,B,D,E,B,B,22.589500203587896,13.105216815603454
E,A,E,E,A,A,27.799265834982457,13.156183874966372
E,D,A,D,A,A,27.432674800275738,13.175798303171234
E,B,E,D,A,A,24.870145736527924,13.184567554777752
A,E,E,D,A,A,28.53208394900459,13.227236146431276
C,E,D,E,A,A,25.875177460324878,13.245741792423908
E,C,E,D,A,A,25.67561062227809,13.256652257603534
E,B,E,D,B,B,21.519012966454866,13.34639744395896
C,C,E,A,C,C,33.69479892005567,13.387332361233836
C,C,A,E,C,C,33.83031586599757,13.390118259244687
E,E,E,D,A,A,27.57103436417862,13.487765711827192
D,E,D,D,A,A,27.71450813035711,13.558060608946972
C,C,C,A,B,C,27.269572537729623,13.583833168479446
D,E,E,A,A,A,27.755810803924128,13.619016945091236
E,A,A,E,A,A,27.669227046671804,13.69000223123458
E,A,D,E,A,A,28.769081727159644,13.70456608610141
D,E,A,D,A,A,28.02319886590338,13.858374205969753
E,D,D,D,A,A,28.55870917599392,13.998856823958771
E,E,A,E,A,A,29.045851055798828,14.001539708739562
E,E,D,D,A,A,28.33225983208336,14.01879045934737
E,D,A,E,A,A,29.151115770074668,14.039087038068496
A,E,D,E,A,A,28.046567318742675,14.057280923515496
A,E,E,A,A,A,29.332704461695702,14.16622437317852
A,E,A,A,A,A,26.528941930782263,14.183871360884922
A,E,D,D,A,A,27.65812640411578,14.278673678057944
E,B,D,A,A,A,25.9251962405167,14.303177790612642
E,E,D,A,A,A,28.326769124181336,14.3327477526967
E,E,A,D,A,A,28.368805983844705,14.333188160776595
E,D,D,E,A,A,30.209253620699428,14.505627729114202
D,E,E,D,A,A,30.127771515523275,14.561931986791503
C,A,D,C,C,C,30.030112215935453,14.695706704811926
E,A,A,D,A,A,28.52443460851153,14.709315047888264
A,C,C,D,C,C,29.980928023578162,14.767474197819192
E,A,E,A,A,A,28.519973016178614,14.86654694605125
C,A,C,D,C,C,29.78719074853284,15.11543624138373
A,E,A,D,A,A,27.91290780074799,15.150638985224743
C,C,C,E,B,C,31.897053302792425,15.167819170548803
B,A,D,C,C,C,30.24106207588292,15.236161922712313
C,E,E,C,C,C,25.229934568418855,15.32991432749461
E,C,C,E,C,C,24.84924967094457,15.381833740516694
C,B,A,A,C,C,33.510129156898365,15.451898123191992
E,D,E,E,A,A,29.622507162106093,15.459497341753194
E,E,E,E,A,A,28.97882049378884,15.498478566609563
D,E,D,E,A,A,30.16397881214951,15.857519484566788
C,B,C,A,B,C,29.330351301084733,15.94337879960195
E,D,E,D,A,A,30.66341987766494,15.946605603393191
E,E,D,E,A,A,30.70377501192352,15.966520167468133
C,C,E,D,B,C,36.91242904941299,16.218050305747337
B,C,E,A,C,C,36.484542889237645,16.250723639010776
C,C,D,E,B,C,36.775067225437944,16.25865144765669
E,A,E,D,A,A,30.25061904522796,16.41675241003412
C,B,E,D,B,C,36.972268352817004,16.43804304845313
C,D,C,D,C,C,30.51345766347824,16.504620551095616
C,A,E,C,C,C,30.762440872785923,16.511941626420025
C,E,E,C,B,C,25.415244391319412,16.74484577377824
C,A,A,C,C,C,30.301215133987505,16.979406828254692
C,B,A,E,C,C,37.19275635663201,17.001585292837767
C,E,D,C,C,C,25.89808783117007,17.012151532903328
C,C,A,D,B,C,36.590347261625574,17.312763276421
B,A,B,E,C,C,31.827349550478193,17.38728688545245
A,A,E,A,A,B,28.17570249340725,17.430305976713374
C,C,D,E,B,D,39.95537936666029,17.521014138511877
C,A,C,E,C,C,32.01911644578136,17.56873584205061
C,D,C,E,C,C,31.469995455351892,17.577302336439708
D,C,E,C,C,C,31.424795947962924,17.6021858376311
C,D,D,D,C,C,31.808141485435016,17.737241760177188
D,C,D,D,C,C,31.765232387659832,17.74768332978238
A,B,C,E,C,C,33.41649219323388,17.785275554349738
C,C,E,E,B,C,38.51623031341154,17.921692045727525
B,C,E,A,C,D,35.908369965537375,18.126060154536624
B,A,D,E,C,C,38.683668666438884,18.155845500442226
A,B,E,D,C,C,38.85844888014441,18.190565758949184
A,C,D,E,C,C,35.18657719262495,18.23427057255585
C,C,E,D,B,D,39.92106714850825,18.43717232451503
C,E,C,E,B,C,28.19605262563612,18.46913400036091
B,A,C,E,C,C,33.445401554594596,18.906872834708143
C,D,E,D,C,C,32.70440699223809,19.005108182828568
D,C,E,E,C,C,33.360424221693115,19.032438831800537
A,E,E,E,A,A,33.56195516438235,19.100952661669307
A,C,A,A,C,C,32.15306461836309,19.123535149476247
D,C,C,A,C,C,31.85544314958889,19.2905692646903
A,C,E,D,C,C,35.54560046327763,19.3763119521593
D,C,E,D,C,C,34.166472691253404,19.412033894102724
C,D,D,E,C,C,35.05597992115274,19.434939241536583
A,B,D,E,C,C,38.02527945114507,19.48800826258636
B,C,E,D,B,C,42.649509717264564,19.5631822208096
C,C,A,E,B,C,39.942433846142464,19.58173343719833
C,C,E,A,B,C,40.03383687601929,19.58350465299008
A,B,D,D,C,C,36.389952110986655,19.623990849591618
B,A,E,E,C,C,40.054105431987495,19.660666373554555
C,A,D,C,B,C,33.51136535047283,19.670607442159287
C,E,A,B,C,C,26.70156351198593,19.709164813746167
B,A,D,D,C,C,36.64639640779584,19.726452691569545
A,C,D,E,C,D,36.957979961672805,19.74616661635615
C,A,E,D,C,D,37.036895553525284,19.76502733475113
C,C,E,E,B,D,40.65954539794646,19.769843227841967
C,A,E,E,C,C,36.59596347137929,19.805103405314146
C,C,A,A,B,C,37.61669548229466,19.880800604738457
C,E,A,C,C,C,27.49305376189885,19.901555982487675
E,C,C,A,C,C,27.420162261210454,19.95044395583819
C,E,C,D,B,C,29.369125111498345,20.00492970522615
D,A,E,D,A,B,29.09757666172298,20.07416843845105
B,D,D,E,C,C,40.35212850657296,20.59662145939556
D,D,D,A,C,C,23.626051728195304,20.61428356005052
D,D,A,D,C,C,23.659372481305205,20.615727615010133
C,B,E,A,C,C,41.89937234168074,20.94324499574704
C,A,E,C,C,D,35.47299134200523,21.013275778627364
B,C,A,D,B,C,39.91761584637395,21.0677238460276
B,B,E,A,C,C,44.97283216950421,21.133669573733517
A,B,A,D,C,C,36.52660484933556,21.44368970614468
C,B,D,E,B,D,39.97975810959118,21.44517965641645
B,A,D,A,C,C,36.2853400065465,21.48334351124296
D,B,A,D,C,C,35.470657006622076,21.60372884633245
A,C,A,C,C,D,33.31700684091207,21.635601843671328
B,C,E,A,B,C,43.07448423345337,21.66775541139744
A,C,E,D,C,D,38.42081749831019,21.69668402916232
C,A,E,A,C,C,36.65420262585321,21.704121926453208
D,C,D,A,C,C,34.22610491686608,21.71176861154488
A,C,A,E,C,C,36.47764655999742,21.731077214584804
A,C,C,E,B,C,35.75388340791356,21.754725065666563
B,A,E,D,C,C,39.949819632447344,21.778899887582
C,A,A,E,C,C,38.75464626321125,22.12281299519527
B,D,A,E,C,C,40.17856566121408,22.22609803329153
C,C,E,A,B,D,42.56592545507382,22.233036766200115
A,B,E,E,C,C,41.35077218402854,22.239502776594485
C,A,C,E,B,C,35.4316259174767,22.3087595412875
B,D,E,D,C,C,39.54918620887648,22.327835321227525
A,C,E,A,C,C,38.09621312186271,22.413867811707934
A,C,E,E,C,D,40.038536921642134,22.557207063921165
E,C,B,A,B,C,30.400913839271706,22.73131534479136
D,C,E,A,C,C,36.185854654795406,22.781772825158157
C,A,E,E,C,D,40.387074509154516,22.870744588583623
A,C,B,E,C,C,37.76329424577879,22.885807809902097
C,A,D,D,B,C,38.378115478183666,22.965711680914293
A,C,D,D,B,C,38.34514613037265,22.98707899720524
A,C,A,A,C,D,33.933572549754594,23.040122672590705
A,B,E,D,C,D,42.98315650420244,23.219509170039828
D,C,A,E,C,C,36.93573475150479,23.27571793164433
C,A,A,A,C,C,36.56442484516267,23.28399704057728
C,D,E,A,C,C,37.0213584191779,23.33496052479343
B,D,E,A,C,C,38.17062947042726,23.367491501233545
D,D,D,E,C,C,27.098093023907833,23.44629449756089
D,D,E,D,C,C,27.22719054790276,23.50321666083538
C,A,C,C,A,B,33.54212586503775,23.69437345444801
D,D,D,D,C,C,28.254034501092914,23.756586550151344
C,D,D,D,B,C,37.72373604854241,23.761604787510517
B,A,A,E,C,C,43.61803293961312,23.785939845657097
A,B,A,A,C,C,36.93668229049219,23.81725103362707
D,D,D,C,C,C,31.160363455275874,23.820959885012776
A,B,E,D,B,C,43.380727681964224,23.918575196837143
A,D,D,E,C,C,30.922838569350848,23.96131737785869
C,B,A,E,B,D,41.09913460975143,24.055423435421616
C,A,E,D,B,C,40.6433556535137,24.146699398684675
D,A,E,C,C,C,33.17782523987347,24.15554788839753
A,A,C,E,C,C,34.47488104766904,24.20514003978264
B,A,E,A,C,C,41.53155138821392,24.213064859586023
A,B,A,E,C,C,41.60181989907478,24.23516214031172
C,E,D,A,B,C,29.46241694517769,24.329558012585743
E,C,D,A,B,C,30.942398039550227,24.4321048860493
C,E,A,D,B,C,30.749514177495914,24.432955521505576
C,A,D,E,B,C,40.85901810956881,24.446716782300832
E,C,C,A,B,C,32.83775903056058,24.4547578004202
A,C,E,D,B,C,41.00679031563021,24.46111612816011
C,E,A,C,B,C,33.04784292746028,24.479030683993305
B,D,A,A,C,C,36.89527294047966,24.580414124677013
A,D,D,D,C,C,31.414316539851,24.60630935990853
B,C,E,A,B,D,45.88545684793307,24.7191548837128
D,A,E,D,C,C,31.633467948353363,24.74800960353035
A,C,A,E,C,D,39.9802977680243,24.753225927041736
B,A,D,E,B,C,44.792793426229544,24.768284566505127
C,E,A,E,B,C,32.82857856702031,24.801533840507087
C,D,E,D,B,C,38.71198189382571,25.08234572901665
A,D,E,E,C,C,32.525259312267394,25.114803961498293
B,E,E,D,B,C,36.68171264104677,25.269083477143237
D,D,E,C,C,C,32.93455864220036,25.464048490169407
D,A,D,E,C,C,31.739360171994672,25.649935338597952
B,A,E,E,B,C,44.267743699058784,25.69669946881104
A,A,E,E,C,C,36.35107162394917,25.73238108477968
D,A,C,E,C,C,34.72378895549474,25.77703821113227
D,C,D,E,B,C,40.22760552663455,25.79211511552251
A,A,B,A,B,C,23.51146222333535,25.824589722432453
C,D,D,E,B,C,41.12817574827758,25.862166523242585
D,C,E,D,B,C,41.110436055569785,25.873116605709725
A,B,E,A,C,C,43.660214126677026,25.88170342816597
D,B,A,E,C,C,41.22709006659633,25.98460289416149
C,D,E,E,B,C,40.45327675882206,26.05926540860798
C,A,E,E,B,C,42.40492534950663,26.074654976203405
B,D,A,E,C,D,42.71584374352682,26.105695149007847
C,E,C,A,B,D,32.459383367785215,26.145493733763853
A,A,A,A,C,C,32.99424106804007,26.331933903864883
C,A,D,D,B,D,39.53607126088027,26.338271886844183
A,B,E,E,B,C,45.486090993649285,26.341608849343604
D,D,C,A,C,C,32.27199021377561,26.34488750144857
D,D,A,C,C,C,32.33641033626451,26.35072826904255
A,C,D,A,B,C,40.51312233739713,26.38138692326049
C,A,A,D,B,C,40.44628630315739,26.384037678305106
C,D,E,A,C,D,38.44519624095573,26.399723011758372
D,D,E,A,C,C,27.82591616215664,26.462685532189116
B,E,A,E,B,C,36.793528554256675,26.473396103614554
C,A,D,A,B,C,39.84258453846501,26.53783388621345
D,C,A,E,C,D,40.22707214337249,26.5449190985163
D,C,D,A,B,C,39.191913689832504,26.590737213269783
C,A,E,D,B,D,42.943403779374165,26.757714414347408
A,C,D,E,B,D,42.958815412012534,26.75977960266295
C,A,D,E,B,D,42.94344143011516,26.827718142695417
A,B,A,E,C,D,44.65111433721511,26.89750038907997
A,C,B,E,C,D,42.67987490076123,26.977174183565623
D,C,E,E,B,C,41.85684602463169,27.045057029368262
D,A,E,A,C,C,32.51211926415767,27.30965177990714
B,D,D,E,B,C,47.29263429358399,27.42819951816513
D,C,E,B,B,C,39.44874076736782,27.489854700353355
B,C,A,E,B,D,49.51509714787623,27.496674773730863
A,D,A,E,C,C,32.5224668955322,27.53447985673473
A,D,A,D,C,C,32.67819592133081,27.538436503255426
D,A,D,A,C,C,32.67389120649086,27.54507975537907
A,C,A,E,B,C,42.438647708713155,27.562932967744757
C,A,E,A,B,C,42.250934524546565,27.56912737228197
C,D,D,A,B,C,40.122736143177264,27.58590977374076
D,C,A,D,B,C,40.29349402131616,27.60481262314427
C,D,A,D,B,C,39.71444082891391,27.63576706562068
D,A,E,E,C,C,34.6446035351391,27.657092188837677
A,C,E,A,B,C,43.55928550284674,27.710522445493407
A,A,E,D,C,D,37.538325824331714,27.85513144727357
C,A,A,E,B,C,42.9355097102061,27.85952319795565
A,B,E,E,B,D,48.11843676136358,28.019885116443238
A,A,A,D,C,C,36.065517162873626,28.04080464083067
C,A,E,B,B,C,41.51265707815667,28.185179537396227
A,A,A,E,C,C,37.01579868525031,28.200169614113207
A,C,E,D,B,D,44.05703856807168,28.20073201531516
A,A,C,D,B,C,36.02631037093613,28.207929700867123
D,B,A,D,B,C,41.17701481064972,28.21089854235086
A,A,D,C,B,C,36.08320037975529,28.211338555673255
A,A,E,E,C,D,38.56038187978957,28.26763354313043
D,A,A,D,C,C,34.32233349436012,28.31495901814915
A,D,D,A,C,C,34.36182266571362,28.31754799384149
D,A,A,E,C,C,35.250194103205956,28.383080275650755
A,A,C,E,C,D,38.26878450246481,28.4064344251564
A,B,A,E,B,C,44.63122228694467,28.408468071538135
A,D,B,D,C,D,32.35110660853372,28.44501882131297
A,C,A,A,B,C,41.14940439371798,28.464653264404287
D,C,E,D,B,D,42.61081748321863,28.58042200718264
B,A,E,E,B,D,46.534665599971966,28.691382550985224
A,A,E,A,C,C,37.51823297058492,28.72637319900971
C,D,A,E,B,C,41.45695306211422,28.745330287743897
D,C,D,E,B,D,43.44568746288625,28.76959787763572
B,A,E,D,B,C,46.48489782341218,28.97359294399772
A,B,D,E,B,C,46.54488772920944,28.98604077343798
D,C,E,E,B,D,43.99010213237913,29.11987021800266
C,A,E,E,B,D,46.22321382254704,29.149717567124096
B,E,A,D,B,C,37.82502235269996,29.17946974983288
B,E,A,A,B,C,35.35334411048178,29.181621836875888
A,B,E,D,B,D,47.90775045546162,29.252220936720484
B,D,A,A,C,D,37.3417271060976,29.273073665299925
D,C,A,E,B,C,42.28155071174661,29.31813483741968
C,D,E,A,B,C,42.28448118110365,29.327699780566554
B,D,E,D,B,C,46.12248600176506,29.402682177782484
B,A,A,A,B,D,36.92131458333783,29.451664143581727
A,C,E,E,B,D,46.644410731844204,29.511845721533344
A,A,A,C,B,C,35.900369219460075,29.64328518043022
A,B,E,A,B,C,45.545804795201605,29.671073368288155
D,D,C,D,B,C,36.20675072016474,29.76749609955477
A,A,E,B,C,D,38.613569583056396,29.767732519595672
D,B,E,E,B,C,49.36436937234427,29.833854204062565
A,D,C,E,B,C,37.81729771115295,29.924235315462575
D,C,A,A,B,C,40.92877833770917,29.975779788975775
A,C,A,E,B,D,44.544418901095185,30.039800165475945
A,C,D,A,B,D,41.845130422802626,30.093083656095025
C,A,D,A,B,D,41.43633310084714,30.14763101818603
A,C,E,A,B,D,45.83292803006535,30.32555391477541
C,D,A,A,B,C,40.844886596274264,30.37146121283469
A,A,A,A,C,D,36.099998808218686,30.378374689538777
B,D,A,D,B,C,43.85336781780522,30.40619911561426
D,D,E,E,B,C,34.1051587406283,30.444400885423523
D,A,A,A,C,C,34.83202806486132,30.47381103628191
A,D,E,B,C,D,36.93058917344523,30.56419821496948
D,B,A,A,B,C,42.025840601105116,30.649572546430264
B,A,E,A,B,C,47.09154260737568,30.68678961361769
D,D,E,C,B,C,36.94204749654253,30.72814510539553
D,D,C,E,B,C,37.10466657683835,30.76425699854772
D,D,A,A,B,C,32.58547512165452,30.79980359239936
E,B,E,E,B,C,49.6042787944502,30.813251406680976
D,A,E,D,B,C,37.408613340849726,30.862580577876063
D,A,D,D,B,C,37.40230687055501,30.99417203028776
A,D,E,B,C,C,37.09424991958093,31.01716740525985
A,A,A,E,C,D,39.805072021882054,31.270354408459944
A,D,E,D,B,C,37.70427697965317,31.32949132302572
A,A,D,D,B,C,39.90458247460274,31.37828502841409
D,A,E,E,B,C,38.35218678669238,31.41562838703955
A,B,D,E,B,D,48.95235920175843,31.46258042667284
D,B,E,E,B,D,51.32414421081515,31.521506387140523
D,C,A,E,B,D,43.58210174730317,31.53118198523361
C,D,E,A,B,D,43.59843581910079,31.535994156396512
A,D,E,E,B,C,38.24478854026005,31.53796246229744
D,A,A,E,C,D,38.10215563651643,31.566268255958622
D,A,A,D,C,D,36.87743912091939,31.63203673594274
A,A,E,A,C,D,39.31408350901727,31.661883606233
B,A,A,E,B,C,48.401826314962385,31.8023339299768
A,D,E,B,B,C,37.08912944220561,31.846819927544995
B,D,E,D,B,D,48.614407699552565,31.919612790580047
A,B,A,E,B,D,46.428685524791916,31.92832080126968
A,A,A,A,B,C,38.14445605047499,31.994987999864087
D,C,E,A,B,D,44.15398878181934,32.027618930885964
D,D,B,E,B,C,37.186500087277714,32.114433295609565
E,C,E,E,B,C,45.96722133263223,32.31655988167047
C,A,E,B,B,D,46.33539996642631,32.469170857995294
B,A,A,E,B,D,50.25640546507598,32.90397655374422
A,A,E,E,B,C,42.00598620143299,32.9549374446244
A,B,E,A,B,D,50.27595238536128,33.04655956601846
D,D,D,A,B,C,36.041345498019425,33.301999363475765
D,D,A,D,B,C,35.99938393937433,33.30295794511486
D,D,E,A,B,C,35.10737294689881,33.31500027289006
D,D,A,E,B,C,35.16442610831066,33.357437713393466
B,D,A,E,B,C,48.62745989655159,33.49438099397439
D,B,E,A,B,C,49.03456921818091,33.51606326874977
D,A,E,E,B,D,39.34267911610545,33.70310717234348
D,A,D,A,B,C,38.627857973772564,33.776468509432526
A,D,A,D,B,C,38.58805504786118,33.77925484789387
A,D,E,E,B,D,39.59652552348599,33.79950148477988
D,A,E,A,B,C,39.018601848177006,33.873338274548395
A,A,E,A,B,C,42.027930207670586,33.91150768230418
A,A,A,E,B,C,42.046027580990994,33.91522381974262
B,D,E,A,B,D,49.10468712679121,33.98868478510626
A,D,E,D,B,D,39.43401939512778,34.02584835361041
B,A,E,A,B,D,48.99812974272241,34.15660767405218
A,A,B,E,C,D,42.00072139683547,34.19708060919879
D,C,A,A,B,D,41.914865550544114,34.28538668942043
A,D,E,A,B,C,39.755850179069135,34.32396951653455
D,A,A,E,B,C,41.36984219687791,34.80302928006583
A,A,E,E,B,D,42.05643796307735,35.08258090331863
A,A,D,D,B,D,42.13585556205124,35.10809047770299
D,B,A,A,B,D,41.52912292654901,35.71376712437764
D,B,E,A,B,D,52.28563932732877,36.22498441369693
D,A,E,A,B,D,39.82724820702327,36.30949177950367
A,A,A,A,B,D,41.488278335083095,36.33264004672645
A,D,A,A,B,C,40.50103022972763,36.44796320727308
A,A,E,A,B,D,43.509178871472876,36.98854347130799
A,A,A,E,B,D,43.569024449762594,36.9902679512648
A,D,E,A,B,D,42.312072772664905,37.1599109992726
D,A,D,A,B,D,40.88852360504609,37.24169002982426
D,A,A,E,B,D,41.78354036778991,37.45778883306138
A,A,E,B,B,D,46.96275256291027,40.413344620402704
B,A,A,A,A,C,74.27796386479514,60.08722095520008
A,A,E,E,A,D,69.15641979021699,60.61397968171278
